Source,Target,Weight,Season
Crazyfire,pupu20317,0.06058631921824104,0
castalchen,pupu20317,0.050405040504050404,0
johnny9667,pupu20317,0.06242969628796401,0
akway,castalchen,0.060505415162454876,0
akway,indium111,0.06992260475046704,0
MVPGGYY,akway,0.06429565877736995,0
akway,jack0216,0.06468696803480234,0
akway,silentence,0.06606350290201433,0
MVPGGYY,silentence,0.06767039015703416,0
jack0216,silentence,0.06146505753578445,0
henry46277,kbook,0.06067769897557131,0
MisuzuXD,kenshin333,0.05537052456286428,0
miyagisamon,oneyear,0.06655844155844155,0
oneyear,sc6003pc,0.0649452269170579,0
a0986188522,lwt501cx,0.05053827751196172,0
a0986188522,turnpoint,0.05570380253502335,0
Borges,ramirez,0.05485544848035582,0
pda2001,ramirez,0.07778819119025304,0
Crazyfire,a10141013,0.05109677419354839,0
dream99,knightwww,0.05357142857142857,0
a10141013,castalchen,0.05067631929891408,0
aa55667878,sc6003pc,0.05421184320266889,0
sc6003pc,wmtsung,0.08078141499472016,0
oneyear,wmtsung,0.06670822942643391,0
OverRed,sakidiforld,0.0774818401937046,0
OverRed,knightwww,0.056640625,0
OverRed,xru03,0.05695142378559464,0
Fjuno,OverRed,0.06685236768802229,0
OverRed,wmtsung,0.05873715124816446,0
OverRed,simata,0.0625,0
OverRed,genaro,0.05413105413105413,0
OverRed,Victory2,0.07238605898123325,0
OverRed,alvinpom,0.05100463678516229,0
OverRed,oneyear,0.06568364611260054,0
OverRed,achiow,0.052770448548812667,0
edisgood,sakidiforld,0.05994550408719346,0
arus1230,edisgood,0.11764705882352941,0
edisgood,knightwww,0.08077709611451943,0
edisgood,ya870801,0.15083798882681565,0
edisgood,xru03,0.050816696914700546,0
ae,edisgood,0.10051546391752578,0
edisgood,wmtsung,0.056990881458966566,0
charlly,edisgood,0.07900677200902935,0
edisgood,genaro,0.06707317073170732,0
Victory2,edisgood,0.09785932721712538,0
alvinpom,edisgood,0.05324459234608985,0
edisgood,xunhuiwu,0.08357348703170028,0
edisgood,turbomons,0.07985257985257985,0
knightwww,sakidiforld,0.05251875669882101,0
sakidiforld,sc6003pc,0.05185185185185185,0
sakidiforld,ya870801,0.0670926517571885,0
sakidiforld,xru03,0.06126482213438735,0
Fjuno,sakidiforld,0.07462686567164178,0
sakidiforld,wmtsung,0.057435090479937057,0
charlly,sakidiforld,0.0678391959798995,0
sakidiforld,simata,0.05588822355289421,0
genaro,sakidiforld,0.07201309328968904,0
Victory2,sakidiforld,0.09219858156028368,0
alvinpom,sakidiforld,0.07733812949640288,0
oneyear,sakidiforld,0.06870229007633588,0
achiow,sakidiforld,0.059027777777777776,0
arus1230,knightwww,0.05399325084364454,0
arus1230,ya870801,0.10408921933085502,0
arus1230,maydayGUN,0.05214723926380368,0
ae,arus1230,0.07357859531772576,0
arus1230,charlly,0.08757062146892655,0
arus1230,genaro,0.08994708994708994,0
Victory2,arus1230,0.0546218487394958,0
arus1230,xunhuiwu,0.09302325581395349,0
arus1230,turbomons,0.06758620689655172,0
knightwww,sc6003pc,0.07519280205655526,0
knightwww,ya870801,0.08333333333333333,0
knightwww,xru03,0.07072515666965085,0
ae,knightwww,0.08385744234800839,0
knightwww,wmtsung,0.09404888416578108,0
charlly,knightwww,0.07829534192269574,0
genaro,knightwww,0.09901800327332243,0
ViktorGoogle,knightwww,0.05424696645253391,0
Victory2,knightwww,0.07502799552071669,0
alvinpom,knightwww,0.0959725792630677,0
knightwww,oneyear,0.07819905213270142,0
knightwww,xunhuiwu,0.05147864184008762,0
knightwww,turbomons,0.08260869565217391,0
sc6003pc,xru03,0.053144375553587246,0
august628,sc6003pc,0.051587301587301584,0
charlly,sc6003pc,0.06660137120470128,0
kuloda,sc6003pc,0.052941176470588235,0
genaro,sc6003pc,0.11021069692058347,0
alvinpom,sc6003pc,0.09584393553859202,0
sc6003pc,turbomons,0.07183908045977011,0
xru03,ya870801,0.06438631790744467,0
maydayGUN,ya870801,0.07479224376731301,0
ae,ya870801,0.15868263473053892,0
Fjuno,ya870801,0.06563706563706563,0
wmtsung,ya870801,0.05150554675118859,0
charlly,ya870801,0.08740359897172237,0
genaro,ya870801,0.08970099667774087,0
Victory2,ya870801,0.14652014652014653,0
oneyear,ya870801,0.06346749226006192,0
xunhuiwu,ya870801,0.07167235494880546,0
turbomons,ya870801,0.08289473684210526,0
ae,xru03,0.056925996204933584,0
Fjuno,xru03,0.05309734513274336,0
wmtsung,xru03,0.06391752577319587,0
charlly,xru03,0.05326460481099656,0
genaro,xru03,0.0830188679245283,0
Victory2,xru03,0.08369098712446352,0
alvinpom,xru03,0.06891891891891892,0
achiow,xru03,0.05508474576271186,0
turbomons,xru03,0.05771248688352571,0
ae,maydayGUN,0.061381074168797956,0
genaro,maydayGUN,0.07132018209408195,0
Victory2,maydayGUN,0.051515151515151514,0
august628,charlly,0.06941431670281996,0
august628,genaro,0.07418397626112759,0
alvinpom,august628,0.09046849757673667,0
ae,wmtsung,0.05572755417956656,0
ae,charlly,0.06921241050119331,0
ae,genaro,0.0759493670886076,0
Victory2,ae,0.11551155115511551,0
ae,alvinpom,0.05545927209705372,0
ae,oneyear,0.06656804733727811,0
ae,xunhuiwu,0.06501547987616099,0
ae,turbomons,0.056962025316455694,0
Fjuno,charlly,0.05232558139534884,0
Fjuno,genaro,0.05565529622980251,0
Fjuno,Victory2,0.10526315789473684,0
Fjuno,alvinpom,0.061752988047808766,0
Fjuno,oneyear,0.056572379367720464,0
Fjuno,achiow,0.05982905982905983,0
charlly,wmtsung,0.050482553823311065,0
genaro,wmtsung,0.08141025641025641,0
Victory2,wmtsung,0.05117790414297319,0
alvinpom,wmtsung,0.07375415282392027,0
turbomons,wmtsung,0.0779976717112922,0
charlly,genaro,0.10771470160116449,0
Victory2,charlly,0.061452513966480445,0
alvinpom,charlly,0.0949367088607595,0
charlly,oneyear,0.0506155950752394,0
charlly,xunhuiwu,0.07142857142857142,0
charlly,turbomons,0.06272189349112427,0
alvinpom,simata,0.055782312925170066,0
Sunofgod,genaro,0.05981794538361508,0
Sunofgod,turbomons,0.05177993527508091,0
genaro,kuloda,0.06191588785046729,0
alvinpom,kuloda,0.052434456928838954,0
Victory2,genaro,0.09106830122591944,0
alvinpom,genaro,0.11242603550295859,0
genaro,oneyear,0.0815677966101695,0
genaro,xunhuiwu,0.07106598984771574,0
genaro,turbomons,0.10491493383742911,0
Victory2,stw82,0.053156146179401995,0
Victory2,alvinpom,0.06201550387596899,0
Victory2,oneyear,0.07317073170731707,0
Victory2,xunhuiwu,0.05725190839694656,0
Victory2,turbomons,0.05075445816186557,0
alvinpom,oneyear,0.052868391451068614,0
alvinpom,xunhuiwu,0.054104477611940295,0
alvinpom,turbomons,0.07776669990029911,0
turbomons,xunhuiwu,0.0534045393858478,0
a0986188522,hauwie,0.05341551104262968,0
a0986188522,johnny9667,0.05166444740346205,0
johnny9667,starport,0.06773283160865474,0
castalchen,starport,0.06255037884894406,0
a0986188522,f860506,0.05563139931740614,0
Iamboy183,a0986188522,0.06105457909343201,0
a10141013,starport,0.05439814814814815,0
onlygoog,ramirez,0.052451539338654506,0
a10141013,melinux,0.05565912117177097,0
niko0202,wmtsung,0.06822057987492894,0
niko0202,oneyear,0.0568678915135608,0
a10141013,akway,0.0750084659668134,0
kyokozenki,wmtsung,0.06312098188194039,0
henry46277,wmtsung,0.07097118463180363,0
funwing,phoenixzero,0.05007587253414264,0
fxntdsxdr,poisonshing,0.060550458715596334,0
poisonshing,wmtsung,0.05491153142159853,0
funwing,poisonshing,0.054437869822485205,0
poisonshing,sharkimage,0.06914893617021277,0
Victory2,coolcjy,0.0707395498392283,0
Holte,fxntdsxdr,0.0508274231678487,0
fxntdsxdr,wmtsung,0.06702573309395571,0
funwing,fxntdsxdr,0.059293044469783354,0
fxntdsxdr,sharkimage,0.06602373887240356,0
funwing,wmtsung,0.05539971949509116,0
sharkimage,wmtsung,0.08645229309435952,0
mkai,wmtsung,0.05,0
Victory2,funwing,0.057208237986270026,0
funwing,sharkimage,0.07071622846781506,0
aa55667878,sharkimage,0.08236272878535773,0
a0986188522,starport,0.05111402359108781,0
castalchen,melinux,0.05278592375366569,0
a0986188522,melinux,0.07303906001905366,0
a0986188522,eupa1973,0.05263157894736842,0
Crazyfire,a0986188522,0.06118078923218109,0
johnny9667,melinux,0.05120946989191971,0
Crazyfire,melinux,0.05176470588235294,0
melinux,starport,0.06540666808239541,0
brella,starport,0.05972865651886168,0
Crazyfire,starport,0.05653344377717954,0
WTF55665566,jack0216,0.05354181473584459,0
WTF55665566,starport,0.055747324818778046,0
may60524,mikemiao1492,0.0916030534351145,0
mikemiao1492,piercingX,0.050724637681159424,0
fdd486,wmtsung,0.05855397148676171,0
allen0080,melinux,0.06437315322921064,0
silentence,starport,0.07242990654205607,0
OverRed,joycewanga,0.07119741100323625,0
nikolas,thinkfun,0.05163727959697733,0
joycewanga,wmtsung,0.06300813008130081,0
victoryman,wmtsung,0.06861804222648753,0
birdhouse1,wmtsung,0.05325443786982249,0
vizcacha,wmtsung,0.05896088733216579,0
thinkfun,wmtsung,0.07200538358008075,0
Shermie,wmtsung,0.05067064083457526,0
aa55667878,joycewanga,0.07682458386683738,0
aa55667878,birdhouse1,0.0882800608828006,0
aa55667878,alvinpom,0.07160493827160494,0
aa55667878,vizcacha,0.07072691552062868,0
aa55667878,thinkfun,0.08091024020227561,0
aa55667878,xunhuiwu,0.0539568345323741,0
aa55667878,genaro,0.07398843930635839,0
aa55667878,charlly,0.06134969325153374,0
aa55667878,turbomons,0.08113391984359726,0
aa55667878,topic21000,0.08636977058029689,0
Victory2,joycewanga,0.06776180698151951,0
joycewanga,sc6003pc,0.06521739130434782,0
joycewanga,kyokozenki,0.05894519131334023,0
joycewanga,rovemberrain,0.05319148936170213,0
birdhouse1,joycewanga,0.08388157894736842,0
joycewanga,ya870801,0.08108108108108109,0
joycewanga,xru03,0.07032348804500703,0
alvinpom,joycewanga,0.06307490144546649,0
joycewanga,vizcacha,0.05056759545923633,0
ae,joycewanga,0.07664233576642336,0
joycewanga,k24315315,0.05654761904761905,0
joycewanga,thinkfun,0.06199460916442048,0
joycewanga,oneyear,0.06046511627906977,0
genaro,joycewanga,0.08455882352941177,0
joycewanga,stroy,0.07157057654075547,0
charlly,joycewanga,0.0779436152570481,0
joycewanga,turbomons,0.07392197125256673,0
Shermie,joycewanga,0.05351170568561873,0
joycewanga,topic21000,0.07947976878612717,0
Victory2,rovemberrain,0.08888888888888889,0
Victory2,birdhouse1,0.10743801652892562,0
Victory2,thinkfun,0.08048289738430583,0
Victory2,grana,0.09117647058823529,0
Shermie,Victory2,0.06232294617563739,0
sc6003pc,victoryman,0.05688282138794084,0
kyokozenki,sc6003pc,0.06209386281588448,0
f016tw,sc6003pc,0.05983606557377049,0
birdhouse1,sc6003pc,0.05165692007797271,0
AtDe,sc6003pc,0.0514018691588785,0
sc6003pc,vizcacha,0.06416726748377793,0
sc6003pc,thinkfun,0.0896551724137931,0
Shermie,sc6003pc,0.06496062992125984,0
sc6003pc,topic21000,0.06936936936936937,0
birdhouse1,victoryman,0.06085526315789474,0
alvinpom,victoryman,0.06501095690284879,0
victoryman,vizcacha,0.054533925174381735,0
thinkfun,victoryman,0.054814814814814816,0
genaro,victoryman,0.061095505617977525,0
charlly,victoryman,0.05284888521882741,0
turbomons,victoryman,0.05246523388116309,0
birdhouse1,maydayGUN,0.06430155210643015,0
maydayGUN,stroy,0.05202312138728324,0
maydayGUN,topic21000,0.05794392523364486,0
alvinpom,copycat603,0.060988433228180865,0
alvinpom,kyokozenki,0.07329317269076305,0
kyokozenki,thinkfun,0.05424769703172978,0
kyokozenki,zebra7,0.05025125628140704,0
genaro,kyokozenki,0.0532825880114177,0
kyokozenki,turbomons,0.058726220016542596,0
Shermie,kyokozenki,0.056422569027611044,0
kyokozenki,topic21000,0.05393743257820928,0
birdhouse1,f016tw,0.05014749262536873,0
alvinpom,f016tw,0.05896510228640193,0
f016tw,thinkfun,0.0665024630541872,0
august628,f016tw,0.05606060606060606,0
f016tw,genaro,0.07787810383747178,0
charlly,f016tw,0.05943536404160475,0
ccalisa,ya870801,0.05952380952380952,0
birdhouse1,rovemberrain,0.09248554913294797,0
rovemberrain,ya870801,0.09375,0
alvinpom,rovemberrain,0.06212424849699399,0
rovemberrain,thinkfun,0.058333333333333334,0
genaro,rovemberrain,0.06678700361010831,0
rovemberrain,stroy,0.058091286307053944,0
charlly,rovemberrain,0.06158357771260997,0
birdhouse1,ya870801,0.14213197969543148,0
birdhouse1,xru03,0.06814310051107325,0
alvinpom,birdhouse1,0.07378335949764521,0
birdhouse1,vizcacha,0.10059171597633136,0
ae,birdhouse1,0.10377358490566038,0
birdhouse1,thinkfun,0.15372168284789645,0
birdhouse1,oneyear,0.06521739130434782,0
birdhouse1,xunhuiwu,0.09138381201044386,0
birdhouse1,genaro,0.11849710982658959,0
birdhouse1,grana,0.06724511930585683,0
birdhouse1,stroy,0.06860158311345646,0
birdhouse1,charlly,0.11482254697286012,0
birdhouse1,turbomons,0.08823529411764706,0
birdhouse1,topic21000,0.0880281690140845,0
alvinpom,babosa633,0.05950095969289827,0
babosa633,stroy,0.053231939163498096,0
thinkfun,ya870801,0.09848484848484848,0
grana,ya870801,0.10512129380053908,0
stroy,ya870801,0.06228373702422145,0
topic21000,ya870801,0.07740585774058577,0
thinkfun,xru03,0.07073509015256588,0
Shermie,xru03,0.05025996533795494,0
topic21000,xru03,0.05514157973174367,0
AtDe,alvinpom,0.055800293685756244,0
AtDe,thinkfun,0.052870090634441085,0
AtDe,genaro,0.06114130434782609,0
AtDe,topic21000,0.06209150326797386,0
alvinpom,vizcacha,0.052104208416833664,0
alvinpom,k24315315,0.052781740370898715,0
alvinpom,thinkfun,0.0907911802853437,0
alvinpom,stroy,0.07518796992481203,0
Shermie,alvinpom,0.08133971291866028,0
alvinpom,topic21000,0.0957004160887656,0
thinkfun,vizcacha,0.08682328907048008,0
genaro,vizcacha,0.09306742640075974,0
charlly,vizcacha,0.07738095238095238,0
turbomons,vizcacha,0.06771263418662263,0
topic21000,vizcacha,0.06350914962325081,0
ae,thinkfun,0.07885304659498207,0
ae,grana,0.05486284289276808,0
ae,topic21000,0.05905511811023622,0
Shermie,k24315315,0.07434944237918216,0
oneyear,thinkfun,0.06206896551724138,0
august628,thinkfun,0.058333333333333334,0
thinkfun,xunhuiwu,0.07930367504835589,0
genaro,thinkfun,0.1343825665859564,0
grana,thinkfun,0.05378151260504202,0
stroy,thinkfun,0.05458089668615984,0
charlly,thinkfun,0.11908646003262642,0
thinkfun,turbomons,0.09552845528455285,0
Shermie,thinkfun,0.05756578947368421,0
thinkfun,topic21000,0.08974358974358974,0
allenpatrick,genaro,0.060225846925972396,0
allenpatrick,charlly,0.059931506849315065,0
Shermie,zebra7,0.052715654952076675,0
grana,oneyear,0.05329593267882188,0
Shermie,oneyear,0.05234159779614325,0
topic21000,xunhuiwu,0.06209850107066381,0
genaro,grana,0.05530642750373692,0
genaro,stroy,0.059625212947189095,0
Shermie,genaro,0.07038123167155426,0
genaro,topic21000,0.11469072164948453,0
charlly,stroy,0.06417112299465241,0
stroy,topic21000,0.058315334773218146,0
Shermie,charlly,0.057569296375266525,0
charlly,topic21000,0.0674955595026643,0
Shermie,turbomons,0.05,0
topic21000,turbomons,0.08029978586723768,0
Shermie,topic21000,0.05555555555555555,0
art1,ramirez,0.0639470782800441,0
jrbobo,skyringcha,0.06440677966101695,0
peter105096,yzvr,0.05021834061135371,0
a0986188522,pupu20317,0.08513657325292658,0
loveup,sc6003pc,0.052941176470588235,0
loveup,poisonshing,0.05067873303167421,0
f222051618,loveup,0.05193578847969783,0
alvinpom,loveup,0.05149330587023687,0
edisgood,vizcacha,0.05315203955500618,0
archer67,edisgood,0.06744186046511629,0
edisgood,lee7317,0.0903954802259887,0
birdhouse1,edisgood,0.12946428571428573,0
edisgood,grana,0.06588235294117648,0
edisgood,zhangyi0830,0.06153846153846154,0
edisgood,nosheep,0.05443234836702955,0
poisonshing,sc6003pc,0.06473724295506474,0
archer67,sc6003pc,0.05357142857142857,0
liangda,sc6003pc,0.05296610169491525,0
f222051618,sc6003pc,0.0749802683504341,0
duduchiau,sc6003pc,0.08615099583140343,0
dadidi,sc6003pc,0.05534495830174375,0
mkai,sc6003pc,0.0564373897707231,0
imkp,sc6003pc,0.06883509833585477,0
gusser,jrbobo,0.062162162162162166,0
f222051618,vizcacha,0.06077348066298342,0
knightwww,vizcacha,0.07054545454545455,0
duduchiau,vizcacha,0.0525783619817998,0
lee7317,vizcacha,0.05059920106524634,0
f222051618,poisonshing,0.06521739130434782,0
knightwww,poisonshing,0.05918524212144504,0
alvinpom,poisonshing,0.08008658008658008,0
birdhouse1,poisonshing,0.05058365758754864,0
imkp,poisonshing,0.08903467666354264,0
archer67,f222051618,0.06082036775106082,0
archer67,kazekaze,0.051829268292682924,0
archer67,knightwww,0.07028112449799197,0
Fjuno,archer67,0.06042296072507553,0
archer67,lee7317,0.06182795698924731,0
alvinpom,archer67,0.06462035541195477,0
archer67,charlly,0.06073752711496746,0
archer67,oneyear,0.05013927576601671,0
archer67,birdhouse1,0.07296137339055794,0
archer67,grana,0.05191873589164785,0
Victory2,archer67,0.09565217391304348,0
alvinpom,laal,0.05245346869712352,0
Shermie,laal,0.053738317757009345,0
f222051618,wmtsung,0.07658505963590709,0
duduchiau,wmtsung,0.08531187122736418,0
nosheep,wmtsung,0.07304460245636717,0
imkp,wmtsung,0.05946601941747573,0
f222051618,liangda,0.05598755832037325,0
alvinpom,liangda,0.06126126126126126,0
liangda,sbw0115,0.06164383561643835,0
coolcjy,liangda,0.06285714285714286,0
Victory2,liangda,0.07473309608540925,0
Shermie,liangda,0.07908163265306123,0
Victory2,realblank,0.06557377049180328,0
f222051618,knightwww,0.08764940239043825,0
duduchiau,f222051618,0.06996770721205597,0
f222051618,lee7317,0.05705229793977813,0
alvinpom,f222051618,0.10592255125284739,0
f222051618,sbw0115,0.05365853658536585,0
charlly,f222051618,0.06944444444444445,0
erichang,f222051618,0.05146036161335188,0
f222051618,mkai,0.056422569027611044,0
birdhouse1,f222051618,0.05241379310344828,0
f222051618,nosheep,0.08152173913043478,0
f222051618,imkp,0.06464250734573947,0
HcdEing,f222051618,0.0532258064516129,0
Shermie,f222051618,0.06993006993006994,0
Fjuno,kazekaze,0.052132701421800945,0
alvinpom,kazekaze,0.06212424849699399,0
kazekaze,sbw0115,0.059322033898305086,0
kazekaze,mkai,0.05066079295154185,0
duduchiau,knightwww,0.07545412203074056,0
knightwww,lee7317,0.05326086956521739,0
knightwww,victoryman,0.07560137457044673,0
knightwww,mkai,0.05614973262032086,0
birdhouse1,knightwww,0.09664694280078895,0
knightwww,nosheep,0.07196029776674938,0
imkp,knightwww,0.0648854961832061,0
Fjuno,skyringcha,0.05357142857142857,0
sbw0115,skyringcha,0.05901639344262295,0
coolcjy,skyringcha,0.06611570247933884,0
duduchiau,victoryman,0.05917411664538101,0
alvinpom,duduchiau,0.07457627118644068,0
duduchiau,imkp,0.05906952430737062,0
duduchiau,turbomons,0.0670700958144226,0
Fjuno,sbw0115,0.07531380753138076,0
Fjuno,birdhouse1,0.05730659025787966,0
Fjuno,grana,0.05521472392638037,0
Fjuno,coolcjy,0.05723905723905724,0
alvinpom,lee7317,0.07550644567219153,0
charlly,lee7317,0.05974025974025974,0
birdhouse1,lee7317,0.08205128205128205,0
lee7317,rovemberrain,0.05952380952380952,0
Victory2,lee7317,0.07806691449814127,0
lee7317,turbomons,0.05952380952380952,0
imkp,victoryman,0.05489417989417989,0
alvinpom,sbw0115,0.06072106261859583,0
alvinpom,erichang,0.061806656101426306,0
alvinpom,nosheep,0.07091346153846154,0
alvinpom,lovemeandyou,0.050966608084358524,0
alvinpom,imkp,0.09217577706323687,0
coolcjy,sbw0115,0.062111801242236024,0
imkp,sbw0115,0.050746268656716415,0
HcdEing,sbw0115,0.055762081784386616,0
Victory2,sbw0115,0.06324110671936758,0
Shermie,sbw0115,0.057692307692307696,0
charlly,erichang,0.0507399577167019,0
charlly,zhangyi0830,0.05337078651685393,0
HcdEing,charlly,0.05080213903743316,0
dadidi,imkp,0.06057781919850885,0
birdhouse1,erichang,0.0502092050209205,0
mkai,nosheep,0.05844980940279543,0
birdhouse1,zhangyi0830,0.05817174515235457,0
birdhouse1,nosheep,0.05743740795287187,0
imkp,nosheep,0.052307692307692305,0
nosheep,turbomons,0.06028708133971292,0
Shermie,imkp,0.05194805194805195,0
Shermie,nodnarb1027,0.05807622504537205,0
benjy0218,vizcacha,0.05870236869207003,0
benjy0218,fxntdsxdr,0.0527448869752422,0
benjy0218,thinkfun,0.05510752688172043,0
benjy0218,henry46277,0.052120141342756186,0
benjy0218,ox1005,0.05546995377503852,0
alvinpom,benjy0218,0.05504587155963303,0
benjy0218,funwing,0.05263157894736842,0
benjy0218,knightwww,0.054385964912280704,0
benjy0218,kyokozenki,0.06191950464396285,0
benjy0218,joycewanga,0.05449591280653951,0
anyweather,benjy0218,0.050119331742243436,0
bearsea,benjy0218,0.055776892430278883,0
YCLLZDBZM,fxntdsxdr,0.050100200400801605,0
YCLLZDBZM,sc6003pc,0.056511056511056514,0
YCLLZDBZM,bearsea,0.05961070559610705,0
linceass,wmtsung,0.06096794468887492,0
ox1005,wmtsung,0.06182602444284687,0
wmtsung,xx49874039,0.05997624703087886,0
pp520,wmtsung,0.052830188679245285,0
anyweather,wmtsung,0.060759493670886074,0
bearsea,wmtsung,0.06153846153846154,0
henry46277,vizcacha,0.05267008046817849,0
ox1005,vizcacha,0.08710407239819004,0
funwing,vizcacha,0.05331882480957562,0
kayu,vizcacha,0.05228758169934641,0
kazekaze,sakidiforld,0.06415094339622641,0
ILOVEHobr,kazekaze,0.050445103857566766,0
kazekaze,ypt,0.06511627906976744,0
baby0816,kazekaze,0.05701754385964912,0
kazekaze,pingtong0602,0.05194805194805195,0
henry46277,victoryman,0.05811277330264672,0
ox1005,victoryman,0.05896414342629482,0
victoryman,xx49874039,0.05297157622739018,0
fxntdsxdr,thinkfun,0.051227321237993596,0
fxntdsxdr,henry46277,0.061886792452830186,0
fxntdsxdr,sc6003pc,0.08773234200743495,0
alvinpom,fxntdsxdr,0.09205020920502092,0
ILOVEHobr,fxntdsxdr,0.06423173803526448,0
charlly,fxntdsxdr,0.05639097744360902,0
fxntdsxdr,knightwww,0.07426856714178545,0
fxntdsxdr,kyokozenki,0.06798623063683305,0
fxntdsxdr,xx49874039,0.06079295154185022,0
fxntdsxdr,liangda,0.052704576976421634,0
fxntdsxdr,pp520,0.05025773195876289,0
fxntdsxdr,joycewanga,0.06256742179072276,0
fxntdsxdr,nosheep,0.06513026052104208,0
facefear,fxntdsxdr,0.052873563218390804,0
ferrinatice,fxntdsxdr,0.05982053838484546,0
anyweather,fxntdsxdr,0.08826382153249272,0
bearsea,fxntdsxdr,0.1014799154334038,0
archer67,fxntdsxdr,0.05732484076433121,0
fxntdsxdr,imkp,0.08462238398544131,0
jrbobo,stroy,0.05019305019305019,0
OverRed,skyringcha,0.05647058823529412,0
baby0816,therock0809,0.05106382978723404,0
sakidiforld,thinkfun,0.061452513966480445,0
sakidiforld,stroy,0.050335570469798654,0
ILOVEHobr,sakidiforld,0.05583756345177665,0
sakidiforld,sbw0115,0.06143344709897611,0
pp520,sakidiforld,0.05319148936170213,0
joycewanga,sakidiforld,0.0683111954459203,0
laal,sakidiforld,0.05322128851540616,0
sakidiforld,ypt,0.051470588235294115,0
archer67,sakidiforld,0.05714285714285714,0
pingtong0602,sakidiforld,0.06944444444444445,0
Fjuno,ox1005,0.05412371134020619,0
Fjuno,ILOVEHobr,0.058823529411764705,0
Fjuno,joycewanga,0.0507399577167019,0
Fjuno,baby0816,0.05627705627705628,0
Fjuno,pingtong0602,0.05128205128205128,0
henry46277,linceass,0.05381526104417671,0
linceass,sc6003pc,0.06482213438735178,0
alvinpom,linceass,0.05365296803652968,0
OverRed,sbw0115,0.052083333333333336,0
OverRed,funwing,0.051056338028169015,0
OverRed,liangda,0.05825242718446602,0
OverRed,coolcjy,0.07013574660633484,0
OverRed,kayu,0.0582010582010582,0
OverRed,nosheep,0.062409288824383166,0
OverRed,ferrinatice,0.05043227665706052,0
henry46277,thinkfun,0.06754385964912281,0
ox1005,thinkfun,0.136986301369863,0
ILOVEHobr,thinkfun,0.07060755336617405,0
funwing,thinkfun,0.07947976878612717,0
knightwww,thinkfun,0.0897212543554007,0
thinkfun,xx49874039,0.06736842105263158,0
liangda,thinkfun,0.05223880597014925,0
pp520,thinkfun,0.07445008460236886,0
kayu,thinkfun,0.05065123010130246,0
thinkfun,zhangyi0830,0.05656565656565657,0
nosheep,thinkfun,0.05781057810578106,0
anyweather,thinkfun,0.07092198581560284,0
bearsea,thinkfun,0.06044678055190539,0
archer67,thinkfun,0.07833333333333334,0
imkp,thinkfun,0.053610503282275714,0
funwing,taikonkimo,0.05218855218855219,0
henry46277,sc6003pc,0.0665374677002584,0
henry46277,ox1005,0.07177033492822966,0
alvinpom,henry46277,0.07075064710957722,0
ILOVEHobr,henry46277,0.05015045135406219,0
funwing,henry46277,0.06111111111111111,0
henry46277,knightwww,0.080078125,0
henry46277,kyokozenki,0.0652014652014652,0
henry46277,xx49874039,0.05754857997010463,0
henry46277,joycewanga,0.06902654867256637,0
henry46277,nosheep,0.05995004163197336,0
bearsea,henry46277,0.06266318537859007,0
ox1005,sc6003pc,0.059154929577464786,0
funwing,sc6003pc,0.06454545454545454,0
sc6003pc,xx49874039,0.06995581737849779,0
facefear,sc6003pc,0.05215004574565416,0
ferrinatice,sc6003pc,0.052202283849918436,0
anyweather,sc6003pc,0.07416267942583732,0
bearsea,sc6003pc,0.07869974337040206,0
Syoshinsya,bearsea,0.06164383561643835,0
alvinpom,ox1005,0.06804733727810651,0
ox1005,stroy,0.05980861244019139,0
ILOVEHobr,ox1005,0.06809338521400778,0
funwing,ox1005,0.06867671691792294,0
charlly,ox1005,0.09073359073359073,0
knightwww,ox1005,0.1111111111111111,0
kyokozenki,ox1005,0.05328798185941043,0
oneyear,ox1005,0.05806451612903226,0
mkai,ox1005,0.05071315372424723,0
liangda,ox1005,0.05895691609977324,0
ox1005,pp520,0.06451612903225806,0
kayu,ox1005,0.0587248322147651,0
joycewanga,ox1005,0.09428129829984544,0
ox1005,zhangyi0830,0.0725,0
nosheep,ox1005,0.06963788300835655,0
archer67,ox1005,0.08118811881188119,0
ox1005,pingtong0602,0.0661764705882353,0
alvinpom,funwing,0.05625879043600562,0
alvinpom,xx49874039,0.07120743034055728,0
alvinpom,pp520,0.08032786885245902,0
alvinpom,facefear,0.05965909090909091,0
alvinpom,ferrinatice,0.056152927120669056,0
alvinpom,anyweather,0.08323699421965318,0
alvinpom,ypt,0.07707509881422925,0
alvinpom,bearsea,0.09102564102564102,0
pp520,stroy,0.056818181818181816,0
stroy,ypt,0.06048387096774194,0
archer67,stroy,0.07202216066481995,0
ILOVEHobr,j821005,0.05466970387243736,0
ILOVEHobr,charlly,0.05319148936170213,0
ILOVEHobr,knightwww,0.07064676616915423,0
ILOVEHobr,pp520,0.05803571428571429,0
ILOVEHobr,nosheep,0.05970149253731343,0
ILOVEHobr,bearsea,0.05016181229773463,0
ILOVEHobr,archer67,0.05470459518599562,0
funwing,sbw0115,0.05803571428571429,0
pp520,sbw0115,0.06340057636887608,0
charlly,funwing,0.054249547920433995,0
funwing,knightwww,0.07169117647058823,0
funwing,liangda,0.05042016806722689,0
funwing,joycewanga,0.07771260997067449,0
funwing,nosheep,0.05444887118193891,0
anyweather,funwing,0.05343511450381679,0
bearsea,funwing,0.06134094151212553,0
archer67,funwing,0.05185185185185185,0
funwing,imkp,0.05503512880562061,0
charlly,pp520,0.061946902654867256,0
charlly,kayu,0.059782608695652176,0
anyweather,charlly,0.06082036775106082,0
charlly,ypt,0.05459770114942529,0
bearsea,charlly,0.05787781350482315,0
charlly,pingtong0602,0.057692307692307696,0
knightwww,kyokozenki,0.07720320466132556,0
knightwww,xx49874039,0.06315007429420505,0
knightwww,pp520,0.06990881458966565,0
kayu,knightwww,0.05335786568537258,0
joycewanga,knightwww,0.08172231985940245,0
ferrinatice,knightwww,0.05601317957166392,0
anyweather,knightwww,0.06280193236714976,0
bearsea,knightwww,0.06568712186689715,0
kyokozenki,xx49874039,0.05191489361702128,0
kayu,kyokozenki,0.056768558951965066,0
kyokozenki,nosheep,0.055876685934489405,0
bearsea,kyokozenki,0.060851926977687626,0
imkp,kyokozenki,0.0553116769095698,0
ferrinatice,oneyear,0.050213675213675216,0
anyweather,xx49874039,0.06226053639846743,0
bearsea,xx49874039,0.07924921793534932,0
imkp,xx49874039,0.0539568345323741,0
anyweather,liangda,0.05396825396825397,0
bearsea,liangda,0.05688073394495413,0
joycewanga,pp520,0.060240963855421686,0
anyweather,pp520,0.052554744525547446,0
bearsea,pp520,0.06166666666666667,0
archer67,pp520,0.06378132118451026,0
pingtong0602,pp520,0.05555555555555555,0
coolcjy,pingtong0602,0.056782334384858045,0
kayu,nosheep,0.05319148936170213,0
joycewanga,nosheep,0.05603985056039851,0
ferrinatice,joycewanga,0.055693069306930694,0
bearsea,joycewanga,0.05992010652463382,0
archer67,joycewanga,0.06779661016949153,0
bearsea,nosheep,0.06204379562043796,0
anyweather,facefear,0.06290115532734275,0
facefear,ypt,0.05,0
bearsea,facefear,0.05763688760806916,0
facefear,imkp,0.06611570247933884,0
anyweather,ferrinatice,0.05263157894736842,0
bearsea,ferrinatice,0.060459492140266025,0
ferrinatice,imkp,0.05,0
bearsea,laal,0.05335628227194492,0
anyweather,ypt,0.055077452667814115,0
anyweather,bearsea,0.08070175438596491,0
anyweather,imkp,0.09523809523809523,0
bearsea,ypt,0.06048387096774194,0
archer67,bearsea,0.06239737274220033,0
bearsea,imkp,0.07475622968580715,0
johnny9667,silentence,0.05054486436355205,0
melinux,silentence,0.050175343943889936,0
a10141013,silentence,0.055236728837876614,0
CenaWang,starport,0.05850389422206122,0
greenday0827,sl11pman,0.05,0
Koch,simata,0.05154639175257732,0
freedom168,wmtsung,0.08002092050209204,0
edisgood,stroy,0.05830903790087463,0
amberini,edisgood,0.06009615384615385,0
f222051618,stroy,0.054838709677419356,0
freedom168,stroy,0.05218317358892439,0
RW2010,alvinpom,0.05037783375314862,0
alvinpom,amberini,0.06446280991735537,0
alvinpom,freedom168,0.0985797827903091,0
RW2010,f222051618,0.05668934240362812,0
Holte,f222051618,0.052083333333333336,0
amberini,f222051618,0.05483405483405483,0
f222051618,freedom168,0.07237354085603113,0
f222051618,facefear,0.07702020202020202,0
RW2010,imkp,0.05016008537886873,0
freedom168,poisonshing,0.0743801652892562,0
facefear,poisonshing,0.05250596658711217,0
a80563,freedom168,0.051834130781499205,0
freedom168,oneyear,0.06481481481481481,0
freedom168,nosheep,0.06053268765133172,0
freedom168,imkp,0.08582089552238806,0
facefear,freedom168,0.05490549054905491,0
onlygoog,pda2001,0.051605504587155966,0
dxoxb,yuxds,0.05182795698924731,0
knightwww,niko0202,0.0752990851513019,0
fdd486,knightwww,0.05719557195571956,0
aa55667878,knightwww,0.06823925863521482,0
aa55667878,niko0202,0.05075187969924812,0
niko0202,sc6003pc,0.07117934403349616,0
henry46277,niko0202,0.059447983014861996,0
fdd486,henry46277,0.06118665018541409,0
kbook,xx49874039,0.056533827618164965,0
anyweather,xru03,0.05521472392638037,0
anyweather,tatamishiau,0.052269601100412656,0
anyweather,kismets,0.053742802303262956,0
anyweather,kbook,0.059487179487179485,0
kayu,xru03,0.05454545454545454,0
nosheep,xru03,0.06649616368286446,0
imkp,xru03,0.052095130237825596,0
facefear,xru03,0.05198776758409786,0
kbook,xru03,0.05764705882352941,0
OverRed,wendy1wang,0.059782608695652176,0
alvinpom,tatamishiau,0.0736196319018405,0
imkp,tatamishiau,0.052830188679245285,0
sc6003pc,tatamishiau,0.053794428434197884,0
alvinpom,wendy1wang,0.0776978417266187,0
alvinpom,kismets,0.06308169596690796,0
alvinpom,kbook,0.06111111111111111,0
sakidiforld,wendy1wang,0.0737527114967462,0
wendy1wang,wmtsung,0.05815602836879433,0
kbook,wmtsung,0.06501547987616099,0
kayu,wendy1wang,0.06016260162601626,0
kayu,kbook,0.05975609756097561,0
nosheep,wendy1wang,0.07598371777476255,0
sc6003pc,wendy1wang,0.058118081180811805,0
thinkfun,wendy1wang,0.08284023668639054,0
kbook,wendy1wang,0.06583850931677018,0
ferrinatice,kismets,0.05029585798816568,0
imkp,kismets,0.06396396396396396,0
kismets,sc6003pc,0.06047197640117994,0
ferrinatice,kbook,0.050686378035902854,0
kbook,stroy,0.059190031152647975,0
kbook,nosheep,0.054140127388535034,0
imkp,kbook,0.06327900287631831,0
kbook,sc6003pc,0.07835531419705198,0
kbook,thinkfun,0.08853575482406356,0
a10141013,murray,0.051156728576083416,0
freedom168,victoryman,0.07376126126126126,0
copycat603,freedom168,0.05228276877761414,0
copycat603,imkp,0.06672760511882998,0
atzer2002,freedom168,0.0550061804697157,0
pingtong0602,wenge321,0.07553956834532374,0
aa55667878,wenge321,0.054770318021201414,0
inthenchen,wmtsung,0.05138339920948617,0
OverRed,freedom168,0.05787476280834915,0
sharkimage,vizcacha,0.0856115107913669,0
genaro,sharkimage,0.09943411479385611,0
genaro,wenge321,0.07820299500831947,0
genaro,henry46277,0.06589785831960461,0
funwing,genaro,0.08093994778067885,0
genaro,poisonshing,0.06843718079673136,0
sc6003pc,sharkimage,0.07574793125397836,0
sharkimage,wenge321,0.057569296375266525,0
henry46277,sharkimage,0.07672469374597034,0
charlly,sharkimage,0.0615234375,0
dream99,sc6003pc,0.06636155606407322,0
charlly,wenge321,0.07474226804123711,0
charlly,niko0202,0.05304740406320542,0
henry46277,wendy1wang,0.05921052631578947,0
pingtong0602,ya870801,0.08960573476702509,0
wendy1wang,ya870801,0.10176991150442478,0
ox1005,ya870801,0.17551963048498845,0
kbook,ya870801,0.0547945205479452,0
nosheep,ya870801,0.05602716468590832,0
niko0202,ya870801,0.05493133583021224,0
spector66,ya870801,0.06312292358803986,0
miyagisamon,ya870801,0.22992700729927007,0
ae,pingtong0602,0.06472491909385113,0
pingtong0602,xunhuiwu,0.05223880597014925,0
miyagisamon,pingtong0602,0.0642570281124498,0
ae,wendy1wang,0.06639004149377593,0
ae,ox1005,0.1101511879049676,0
ae,kbook,0.06404657933042213,0
ae,nosheep,0.05331179321486268,0
ae,niko0202,0.05174488567990373,0
ae,miyagisamon,0.13486842105263158,0
henryliao,xunhuiwu,0.07142857142857142,0
ox1005,wendy1wang,0.11876075731497418,0
wendy1wang,xunhuiwu,0.05442176870748299,0
niko0202,wendy1wang,0.05795574288724974,0
charlly,wendy1wang,0.07262569832402235,0
topic21000,wendy1wang,0.07667731629392971,0
spector66,wendy1wang,0.062360801781737196,0
turbomons,wendy1wang,0.07158590308370044,0
genaro,wendy1wang,0.07466666666666667,0
miyagisamon,wendy1wang,0.07345971563981042,0
ZOTA15,sc6003pc,0.050134288272157566,0
ZOTA15,freedom168,0.05110132158590308,0
ZOTA15,kbook,0.0513126491646778,0
ZOTA15,charlly,0.05789473684210526,0
ZOTA15,topic21000,0.057663125948406675,0
ZOTA15,thinkfun,0.05782792665726375,0
ZOTA15,genaro,0.06130268199233716,0
kbook,ox1005,0.08778625954198473,0
ox1005,xunhuiwu,0.08767772511848342,0
niko0202,ox1005,0.07096774193548387,0
maydayGUN,ox1005,0.05714285714285714,0
ox1005,topic21000,0.12685337726523888,0
ox1005,spector66,0.05813953488372093,0
ox1005,turbomons,0.10011248593925759,0
genaro,ox1005,0.11354309165526676,0
miyagisamon,ox1005,0.10918114143920596,0
freedom168,sc6003pc,0.0807061790668348,0
atzer2002,sc6003pc,0.05875,0
sc6003pc,sding,0.06047966631908238,0
freedom168,kbook,0.0703902065799541,0
charlly,freedom168,0.059672762271414825,0
freedom168,topic21000,0.06205673758865248,0
freedom168,thinkfun,0.06196943972835314,0
freedom168,genaro,0.08546325878594249,0
freedom168,sding,0.0511770726714432,0
sakidiforld,spector66,0.054838709677419356,0
sakidiforld,sding,0.050595238095238096,0
miyagisamon,sakidiforld,0.08833922261484099,0
kbook,xunhuiwu,0.05108359133126935,0
kbook,niko0202,0.05545927209705372,0
charlly,kbook,0.0673854447439353,0
kbook,topic21000,0.07821901323706378,0
kbook,oneyear,0.05005005005005005,0
kbook,turbomons,0.07277628032345014,0
genaro,kbook,0.09005235602094241,0
kbook,miyagisamon,0.05263157894736842,0
genaro,nosheep,0.05186020293122886,0
niko0202,topic21000,0.05333333333333334,0
niko0202,thinkfun,0.050731707317073174,0
niko0202,turbomons,0.07080350039777247,0
genaro,niko0202,0.07279344858962693,0
miyagisamon,niko0202,0.054474708171206226,0
maydayGUN,miyagisamon,0.05740181268882175,0
charlly,spector66,0.06217616580310881,0
charlly,miyagisamon,0.07799442896935933,0
miyagisamon,topic21000,0.05803571428571429,0
spector66,thinkfun,0.07238095238095238,0
sding,thinkfun,0.056261343012704176,0
miyagisamon,thinkfun,0.09437751004016064,0
genaro,spector66,0.05843071786310518,0
sding,spector66,0.05555555555555555,0
miyagisamon,spector66,0.05166051660516605,0
miyagisamon,turbomons,0.06438356164383562,0
genaro,sding,0.0768,0
genaro,miyagisamon,0.07867132867132867,0
edisgood,wendy1wang,0.09090909090909091,0
edisgood,pingtong0602,0.06606606606606606,0
aa55667878,edisgood,0.061191626409017714,0
edisgood,kayu,0.053742802303262956,0
edisgood,kids1991,0.06299212598425197,0
edisgood,miyagisamon,0.11890243902439024,0
knightwww,wendy1wang,0.07929104477611941,0
aa55667878,wendy1wang,0.05174825174825175,0
kyokozenki,wendy1wang,0.06992230854605994,0
lee7317,wendy1wang,0.06473214285714286,0
Victory2,wendy1wang,0.0665083135391924,0
kids1991,wendy1wang,0.054817275747508304,0
kids1991,knightwww,0.0595903165735568,0
knightwww,miyagisamon,0.058165548098434,0
fdd486,turbomons,0.05471956224350205,0
Victory2,pingtong0602,0.06451612903225806,0
aa55667878,lee7317,0.0586145648312611,0
aa55667878,kids1991,0.07391910739191074,0
kids1991,sc6003pc,0.07458563535911603,0
lee7317,sakidiforld,0.061488673139158574,0
kids1991,sakidiforld,0.05183585313174946,0
kids1991,poisonshing,0.05776173285198556,0
lee7317,xunhuiwu,0.06228373702422145,0
kids1991,lee7317,0.07333333333333333,0
lee7317,miyagisamon,0.08518518518518518,0
Victory2,kayu,0.05504587155963303,0
Victory2,kids1991,0.06855791962174941,0
Victory2,miyagisamon,0.1728395061728395,0
grana,miyagisamon,0.093841642228739,0
facefear,kids1991,0.05564648117839607,0
charlly,kids1991,0.08719851576994433,0
kids1991,xunhuiwu,0.056433408577878104,0
kids1991,turbomons,0.07252747252747253,0
kids1991,miyagisamon,0.06839622641509434,0
allen0080,starport,0.061456137506080755,0
akway,starport,0.05991253644314869,0
dream99,fxntdsxdr,0.058360655737704915,0
bruce2248,fxntdsxdr,0.05207100591715976,0
bruce2248,peter105096,0.054279749478079335,0
atzer2002,fxntdsxdr,0.05010893246187364,0
fxntdsxdr,k24315315,0.06459054209919261,0
allen0080,f860506,0.057313564947997345,0
imkp,zebra7,0.060085836909871244,0
sc6003pc,skyexers,0.07250996015936255,0
annie06045,ramirez,0.0572987721691678,0
freedom168,k24315315,0.061371841155234655,0
joycewanga,wendy1wang,0.07807807807807808,0
ecat,generally,0.05636248815914114,0
freedom168,knightwww,0.08195679796696315,0
didder,freedom168,0.05288082083662194,0
freedom168,william12tw,0.0744047619047619,0
freedom168,xx49874039,0.059593023255813955,0
cosloy,freedom168,0.0527363184079602,0
grana,onepiece2041,0.05010438413361169,0
cosloy,xx49874039,0.05019305019305019,0
f860506,melinux,0.07121855602744201,0
kenyeh001,turbomons,0.0551257253384913,0
henry46277,live1002,0.05172413793103448,0
joycewanga,niko0202,0.054187192118226604,0
fxntdsxdr,niko0202,0.05206611570247934,0
alvinpom,niko0202,0.05555555555555555,0
jasontime,niko0202,0.054699537750385205,0
kids1991,niko0202,0.060988433228180865,0
Victory2,niko0202,0.05844155844155844,0
birdhouse1,niko0202,0.058361391694725026,0
henry46277,turbomons,0.07361516034985423,0
bearsea,turbomons,0.0513595166163142,0
jasontime,turbomons,0.057279236276849645,0
funwing,turbomons,0.05411255411255411,0
birdhouse1,sakidiforld,0.06947890818858561,0
g1assesb0y,genaro,0.0539568345323741,0
bearsea,g1assesb0y,0.07128309572301425,0
Syoshinsya,g1assesb0y,0.05901639344262295,0
Shermie,g1assesb0y,0.05029585798816568,0
SSkey,g1assesb0y,0.06909090909090909,0
HcdEing,g1assesb0y,0.053497942386831275,0
colenken,g1assesb0y,0.05309734513274336,0
kids1991,oneyear,0.052763819095477386,0
henry46277,xru03,0.05500450856627592,0
Holte,xru03,0.05555555555555555,0
fxntdsxdr,xru03,0.059602649006622516,0
jasontime,xru03,0.07243460764587525,0
kids1991,xru03,0.05255023183925812,0
funwing,xru03,0.05143721633888049,0
genaro,tatamishiau,0.056577086280056574,0
genaro,kymcoco,0.05875299760191847,0
bearsea,genaro,0.07544910179640718,0
genaro,xx49874039,0.0712890625,0
fxntdsxdr,genaro,0.06528189910979229,0
genaro,sbw0115,0.058419243986254296,0
genaro,jasontime,0.09281164695177434,0
genaro,hsnumax,0.06682867557715674,0
ferrinatice,genaro,0.05941704035874439,0
genaro,kids1991,0.11170212765957446,0
genaro,liangda,0.07213114754098361,0
dadidi,genaro,0.05177664974619289,0
genaro,imkp,0.08097165991902834,0
HcdEing,genaro,0.054514480408858604,0
knightwww,tatamishiau,0.05150631681243926,0
jasontime,knightwww,0.09781843771991555,0
Tiphareth,henry46277,0.05337519623233909,0
Holte,henry46277,0.05052430886558627,0
henry46277,jasontime,0.06723283793347487,0
henry46277,kids1991,0.05065666041275797,0
birdhouse1,henry46277,0.05666003976143141,0
bearsea,tatamishiau,0.07320872274143302,0
fxntdsxdr,tatamishiau,0.05867970660146699,0
jasontime,tatamishiau,0.06181015452538632,0
kids1991,tatamishiau,0.055456171735241505,0
tatamishiau,thepstar,0.05102040816326531,0
bearsea,kymcoco,0.06762028608582575,0
fxntdsxdr,kymcoco,0.05714285714285714,0
alvinpom,kymcoco,0.06418485237483953,0
jasontime,kymcoco,0.061955469506292354,0
kids1991,kymcoco,0.05393586005830904,0
kymcoco,sc6003pc,0.0625,0
imkp,kymcoco,0.057483731019522775,0
SABA0,bearsea,0.06230200633579725,0
Holte,bearsea,0.05223880597014925,0
Shermie,bearsea,0.07455429497568881,0
bearsea,jasontime,0.09477756286266925,0
bearsea,patric1414,0.05687203791469194,0
bearsea,kids1991,0.08296943231441048,0
SSkey,bearsea,0.06678700361010831,0
bearsea,dadidi,0.06521739130434782,0
FuwafuwaCAT,bearsea,0.08711433756805807,0
bearsea,zebra7,0.05006418485237484,0
bearsea,sding,0.075,0
bearsea,thepstar,0.05961538461538462,0
SABA0,fxntdsxdr,0.060552092609082814,0
SABA0,Shermie,0.060453400503778336,0
SABA0,jasontime,0.05532617671345995,0
jasontime,joycewanga,0.06995073891625615,0
joycewanga,kids1991,0.06736526946107785,0
Shermie,ssmm5566,0.05434782608695652,0
Peterchiu852,kids1991,0.05459057071960298,0
jasontime,xx49874039,0.07113654946852004,0
kids1991,xx49874039,0.05707762557077625,0
Shermie,lance0904,0.050445103857566766,0
ZOTA15,alvinpom,0.061813186813186816,0
ZOTA15,birdhouse1,0.06434782608695652,0
Shermie,fxntdsxdr,0.0617906683480454,0
fxntdsxdr,jasontime,0.07933884297520662,0
fxntdsxdr,kids1991,0.06836616454229433,0
SSkey,fxntdsxdr,0.050684931506849315,0
dadidi,fxntdsxdr,0.05656934306569343,0
fxntdsxdr,zebra7,0.05130890052356021,0
fxntdsxdr,sding,0.058423913043478264,0
alvinpom,jasontime,0.1111111111111111,0
alvinpom,hsnumax,0.055989583333333336,0
alvinpom,kids1991,0.10186513629842181,0
alvinpom,sding,0.07192982456140351,0
sbw0115,sding,0.06188925081433225,0
Shermie,steven30528,0.054901960784313725,0
Shermie,kids1991,0.07116104868913857,0
Shermie,sding,0.08845208845208845,0
Shermie,colenken,0.05161290322580645,0
Koch,Victory2,0.05263157894736842,0
hsnumax,jasontime,0.05675146771037182,0
ferrinatice,jasontime,0.05866177818515124,0
jasontime,kids1991,0.07150368033648791,0
funwing,jasontime,0.05284974093264249,0
jasontime,sc6003pc,0.07955338450802513,0
dadidi,jasontime,0.0633445945945946,0
birdhouse1,jasontime,0.0718294051627385,0
imkp,jasontime,0.08171861836562763,0
jasontime,sding,0.050970873786407765,0
charlly,jasontime,0.0654627539503386,0
hsnumax,kids1991,0.0637037037037037,0
hsnumax,sc6003pc,0.052722558340535866,0
birdhouse1,hsnumax,0.06829268292682927,0
hsnumax,imkp,0.050493962678375415,0
kids1991,liangda,0.06493506493506493,0
funwing,kids1991,0.05663430420711974,0
FuwafuwaCAT,kids1991,0.053418803418803416,0
birdhouse1,kids1991,0.0900735294117647,0
imkp,kids1991,0.08571428571428572,0
kids1991,sding,0.06079664570230608,0
HcdEing,kids1991,0.05239179954441914,0
birdhouse1,funwing,0.07168458781362007,0
HcdEing,funwing,0.0640176600441501,0
FuwafuwaCAT,SSkey,0.05373134328358209,0
SSkey,thepstar,0.0625,0
FuwafuwaCAT,sding,0.06451612903225806,0
birdhouse1,kayu,0.07540394973070018,0
birdhouse1,pingtong0602,0.05420054200542006,0
birdhouse1,sding,0.05515587529976019,0
imkp,sding,0.05750350631136045,0
Moratti,WTF55665566,0.06004901960784314,0
Moratti,akway,0.06440791680644078,0
Moratti,lolovero,0.06750213614354884,0
WTF55665566,akway,0.070902394106814,0
WTF55665566,lolovero,0.05461254612546126,0
akway,lolovero,0.059052816215162736,0
Robben,akway,0.05364046391752577,0
g9122xj,jazz19860929,0.05128205128205128,0
niko0202,sharkimage,0.05988857938718663,0
akway,ecat,0.06879173491243543,0
WTF55665566,ecat,0.05268519866103915,0
WTF55665566,indium111,0.054138145612943375,0
akway,generally,0.061214249874560964,0
knightwww,wenge321,0.0552546045503792,0
kbook,knightwww,0.08848864526233359,0
turbomons,wenge321,0.06719367588932806,0
onepiece2041,turbomons,0.06451612903225806,0
fdd486,ox1005,0.05991189427312775,0
fdd486,kbook,0.05077262693156733,0
ox1005,xru03,0.06549520766773163,0
ILOVEHobr,xru03,0.06401384083044982,0
archer67,xru03,0.050966608084358524,0
miyagisamon,xru03,0.07494646680942184,0
jasontime,wmtsung,0.06651506537805571,0
wendy1wang,wenge321,0.07538802660753881,0
ox1005,wenge321,0.10185185185185185,0
Victory2,wenge321,0.07720588235294118,0
wenge321,ya870801,0.1419141914191419,0
onepiece2041,wenge321,0.07542579075425791,0
spector66,wenge321,0.05333333333333334,0
sakidiforld,wenge321,0.0673076923076923,0
Fjuno,wenge321,0.06201550387596899,0
kbook,wenge321,0.06097560975609756,0
archer67,wenge321,0.056,0
birdhouse1,wenge321,0.0737913486005089,0
miyagisamon,wenge321,0.11721611721611722,0
grana,wenge321,0.05675675675675676,0
sding,wenge321,0.05828220858895705,0
jasontime,victoryman,0.07085643869377696,0
onepiece2041,wendy1wang,0.060714285714285714,0
ILOVEHobr,wendy1wang,0.0525328330206379,0
Fjuno,wendy1wang,0.06142506142506143,0
archer67,wendy1wang,0.06297709923664122,0
birdhouse1,wendy1wang,0.09040590405904059,0
kyokozenki,niko0202,0.056,0
ox1005,rovemberrain,0.07532467532467532,0
Victory2,ox1005,0.10199004975124377,0
onepiece2041,ox1005,0.051756007393715345,0
aa55667878,ox1005,0.08477011494252873,0
birdhouse1,ox1005,0.1835564053537285,0
jasontime,ox1005,0.06129032258064516,0
grana,ox1005,0.07,0
rovemberrain,sakidiforld,0.06037735849056604,0
miyagisamon,rovemberrain,0.07964601769911504,0
pingtong0602,rovemberrain,0.06926406926406926,0
onepiece2041,ya870801,0.07766990291262135,0
ILOVEHobr,ya870801,0.06493506493506493,0
archer67,ya870801,0.09574468085106383,0
funwing,kbook,0.06455542021924482,0
onepiece2041,sakidiforld,0.05938242280285035,0
miyagisamon,onepiece2041,0.06282722513089005,0
birdhouse1,spector66,0.0639386189258312,0
ILOVEHobr,birdhouse1,0.08,0
ILOVEHobr,miyagisamon,0.0676056338028169,0
ILOVEHobr,jasontime,0.05215419501133787,0
aa55667878,kbook,0.07173913043478261,0
aa55667878,jasontime,0.05169172932330827,0
Fjuno,miyagisamon,0.09170305676855896,0
kbook,zebra7,0.05116796440489433,0
archer67,kbook,0.05761316872427984,0
birdhouse1,kbook,0.07898259705488621,0
jasontime,kbook,0.0632582322357019,0
kbook,kyokozenki,0.07956600361663653,0
archer67,miyagisamon,0.0838150289017341,0
birdhouse1,miyagisamon,0.0989010989010989,0
jasontime,kyokozenki,0.0688,0
alvinpom,dream99,0.05665930831493746,0
ViktorGoogle,sharkimage,0.052259887005649715,0
arus1230,sharkimage,0.06415929203539823,0
ae,sharkimage,0.07120743034055728,0
melinux,pupu20317,0.062372881355932205,0
pupu20317,starport,0.05320849509020324,0
miyagisamon,pp520,0.05934718100890208,0
barton50195,ox1005,0.06809338521400778,0
ox1005,sharkimage,0.10674157303370786,0
JoJoSonic,ox1005,0.08185840707964602,0
kids1991,ox1005,0.08919382504288165,0
barton50195,birdhouse1,0.05473684210526316,0
birdhouse1,freedom168,0.05459770114942529,0
birdhouse1,sharkimage,0.09037900874635568,0
JoJoSonic,birdhouse1,0.08232445520581114,0
sharkimage,victoryman,0.0709823963657013,0
f016tw,kids1991,0.05420054200542006,0
freedom168,vizcacha,0.05338078291814947,0
kids1991,vizcacha,0.06850828729281767,0
ae,barton50195,0.05301204819277108,0
JoJoSonic,ae,0.07365439093484419,0
ae,kids1991,0.06198347107438017,0
Victory2,barton50195,0.06497175141242938,0
alvinpom,barton50195,0.06210191082802548,0
ILOVEHobr,barton50195,0.05150214592274678,0
barton50195,freedom168,0.051207729468599035,0
barton50195,miyagisamon,0.08169014084507042,0
JoJoSonic,barton50195,0.054455445544554455,0
barton50195,genaro,0.06149341142020498,0
freedom168,xru03,0.05492589363557106,0
sharkimage,xru03,0.05123674911660778,0
JoJoSonic,Victory2,0.07191780821917808,0
august628,hero720,0.06346153846153846,0
genaro,hero720,0.05227882037533512,0
alvinpom,sharkimage,0.06852791878172589,0
JoJoSonic,alvinpom,0.06890459363957598,0
JoJoSonic,rovemberrain,0.05454545454545454,0
freedom168,sharkimage,0.07614852108244179,0
august628,freedom168,0.0594541910331384,0
freedom168,kids1991,0.07608695652173914,0
JoJoSonic,miyagisamon,0.09215017064846416,0
august628,sharkimage,0.05341246290801187,0
JoJoSonic,sharkimage,0.05323590814196242,0
sharkimage,xx49874039,0.06906686260102865,0
sharkimage,thinkfun,0.10748065348237318,0
oneyear,sharkimage,0.05308352849336456,0
sharkimage,turbomons,0.08745519713261649,0
kids1991,sharkimage,0.08631772268135904,0
august628,kids1991,0.06653992395437262,0
JoJoSonic,thinkfun,0.06581352833638025,0
JoJoSonic,oneyear,0.06015037593984962,0
JoJoSonic,genaro,0.06763285024154589,0
JoJoSonic,kids1991,0.06765327695560254,0
kids1991,thinkfun,0.10176991150442478,0
inthenchen,simata,0.053475935828877004,0
cynric717,victoryman,0.07803468208092486,0
a80563,sc6003pc,0.05177993527508091,0
cynric717,sc6003pc,0.05778894472361809,0
catvsdog,sc6003pc,0.06018518518518518,0
amberini,sc6003pc,0.06338028169014084,0
hero720,sc6003pc,0.05277777777777778,0
chiyoko,sc6003pc,0.05074365704286964,0
knightwww,sharkimage,0.10647851186658114,0
cynric717,knightwww,0.06937394247038917,0
amberini,knightwww,0.05091649694501019,0
Victory2,urreed,0.050980392156862744,0
kbook,sharkimage,0.08746130030959752,0
cynric717,sharkimage,0.06599832915622389,0
chkao,sharkimage,0.05144694533762058,0
amberini,sharkimage,0.0641925777331996,0
f222051618,sharkimage,0.07244094488188976,0
chiyoko,sharkimage,0.056719022687609075,0
amberini,kenyeh001,0.050314465408805034,0
cynric717,kbook,0.053551912568306013,0
HcdEing,kbook,0.0514018691588785,0
amberini,kbook,0.07132867132867132,0
f222051618,kbook,0.07793522267206478,0
catvsdog,cynric717,0.05807365439093484,0
amberini,cynric717,0.0532258064516129,0
cynric717,hero720,0.059490084985835696,0
cynric717,f222051618,0.07390817469204927,0
FuwafuwaCAT,cynric717,0.050347222222222224,0
cynric717,facefear,0.054242002781641166,0
cynric717,wmtsung,0.053289473684210525,0
chiyoko,cynric717,0.055916775032509754,0
cynric717,sding,0.05811965811965812,0
catvsdog,colenken,0.05103969754253308,0
OverRed,catvsdog,0.06569343065693431,0
OverRed,f222051618,0.050340136054421766,0
catvsdog,g1assesb0y,0.05223880597014925,0
catvsdog,sakidiforld,0.05032822757111598,0
catvsdog,f222051618,0.07317073170731707,0
FuwafuwaCAT,catvsdog,0.05844155844155844,0
sding,wildli0422,0.05063291139240506,0
FuwafuwaCAT,amberini,0.05053191489361702,0
amberini,xunhuiwu,0.05128205128205128,0
amberini,sding,0.05974025974025974,0
FuwafuwaCAT,hero720,0.06493506493506493,0
f222051618,kayu,0.05263157894736842,0
f222051618,sding,0.0547112462006079,0
melinux,murray,0.06283731688511951,0
f860506,silentence,0.059346330275229356,0
murray,starport,0.05344270444941586,0
f860506,starport,0.07104677060133631,0
f860506,murray,0.06021052631578947,0
freedom168,henry46277,0.06577266922094509,0
nosheep,sharkimage,0.056372549019607844,0
f222051618,xru03,0.06642512077294686,0
ginobili62,s4511981,0.053061224489795916,0
duduchiau,niko0202,0.053853754940711464,0
f222051618,niko0202,0.05918727915194346,0
duduchiau,henry46277,0.0691912108461898,0
duduchiau,kymcoco,0.05173393973848778,0
f222051618,henry46277,0.05934242181234964,0
alvinpom,insingW,0.060794044665012405,0
RW2010,Shermie,0.05388272583201268,0
bruce2248,osk2,0.059895833333333336,0
allen0080,pupu20317,0.05104355716878403,0
copycat603,jasontime,0.06058091286307054,0
dream99,kbook,0.051735874744724304,0
dream99,jasontime,0.06447613143211407,0
jasontime,kingman0716,0.05263157894736842,0
ya870801,zhangyi0830,0.05166051660516605,0
JoJoSonic,ya870801,0.10526315789473684,0
arus1230,zhangyi0830,0.0635593220338983,0
wenge321,zhangyi0830,0.06296296296296296,0
wendy1wang,zhangyi0830,0.059665871121718374,0
RW2010,knightwww,0.05123825789923143,0
alvinpom,wenge321,0.06043956043956044,0
alvinpom,spector66,0.05514705882352941,0
ccalisa,sakidiforld,0.06130268199233716,0
JoJoSonic,arus1230,0.0625,0
JoJoSonic,wenge321,0.06832298136645963,0
JoJoSonic,charlly,0.07352941176470588,0
arus1230,miyagisamon,0.100418410041841,0
joycewanga,miyagisamon,0.055327868852459015,0
aa55667878,arus1230,0.09398496240601503,0
arus1230,joycewanga,0.07453416149068323,0
arus1230,wenge321,0.09701492537313433,0
arus1230,wendy1wang,0.07913669064748201,0
arus1230,ox1005,0.1306532663316583,0
arus1230,birdhouse1,0.14206128133704735,0
archer67,arus1230,0.05571847507331378,0
arus1230,sding,0.05136986301369863,0
fdd486,genaro,0.05138036809815951,0
RW2010,turbomons,0.06852035749751738,0
joycewanga,wenge321,0.07543520309477757,0
freedom168,joycewanga,0.06678082191780822,0
RW2010,genaro,0.050647820965842166,0
archer67,genaro,0.0712166172106825,0
Shermie,freedom168,0.05125725338491296,0
archer67,freedom168,0.0594541910331384,0
RW2010,sc6003pc,0.0566356720202874,0
cosloy,nosheep,0.05,0
genaro,kenyeh001,0.06621004566210045,0
eyeter,lavarslaker,0.05090497737556561,0
KingKingCold,linceass,0.055782312925170066,0
genaro,pp520,0.05263157894736842,0
catvsdog,wendy1wang,0.05704697986577181,0
freedom168,helloffx,0.06275805119735756,0
Uncontinue,iecdalu,0.054481546572934976,0
CenaWang,akway,0.05734422553259651,0
alvinpom,didder,0.07790697674418605,0
KingKingCold,sbw0115,0.05181347150259067,0
duduchiau,freedom168,0.07762976573265962,0
duduchiau,genaro,0.0684931506849315,0
duduchiau,joycewanga,0.051694428489373924,0
alvinpom,helloffx,0.05721393034825871,0
duduchiau,xx49874039,0.06003078501795793,0
ginobili62,quatre00,0.06968641114982578,0
catvsdog,linceass,0.05019305019305019,0
edisgood,ox1005,0.15195071868583163,0
kids1991,wmtsung,0.05524079320113314,0
edisgood,henry46277,0.050515463917525774,0
edisgood,thinkfun,0.09450171821305842,0
edisgood,funwing,0.06130268199233716,0
catvsdog,nosheep,0.058663028649386086,0
duduchiau,thinkfun,0.059394631639063396,0
catvsdog,jrbobo,0.06698564593301436,0
KingKingCold,catvsdog,0.06909090909090909,0
f222051618,wendy1wang,0.05747126436781609,0
KingKingCold,f222051618,0.052917232021709636,0
f222051618,thinkfun,0.08265424912689173,0
f222051618,freakwei,0.05223880597014925,0
kaminari22tw,z739,0.0681198910081744,0
catvsdog,freedom168,0.0692167577413479,0
freedom168,kyokozenki,0.06129722024233785,0
alvinpom,william12tw,0.07470651013874066,0
anyweather,dream99,0.05788005578800558,0
dream99,f222051618,0.05597788527988943,0
freedom168,insingW,0.05688375927452597,0
anyweather,freedom168,0.06446540880503145,0
freedom168,funwing,0.05366726296958855,0
freedom168,fxntdsxdr,0.0719002201027146,0
KingKingCold,funwing,0.05263157894736842,0
alvinpom,catvsdog,0.0723589001447178,0
anyweather,jay70134,0.0520694259012016,0
jay70134,pp520,0.05060728744939271,0
f222051618,jay70134,0.06036745406824147,0
fxntdsxdr,jay70134,0.055952380952380955,0
anyweather,insingW,0.05902383654937571,0
funwing,insingW,0.05089408528198074,0
fxntdsxdr,insingW,0.050411522633744855,0
anyweather,f222051618,0.07240293809024134,0
anyweather,catvsdog,0.05221932114882506,0
f222051618,pp520,0.06160458452722063,0
catvsdog,skyringcha,0.05970149253731343,0
f222051618,funwing,0.058823529411764705,0
f222051618,fxntdsxdr,0.10344827586206896,0
catvsdog,fxntdsxdr,0.07001166861143523,0
catvsdog,lovemeandyou,0.0574468085106383,0
f222051618,kyokozenki,0.06365313653136531,0
ae,f222051618,0.05263157894736842,0
f222051618,xx49874039,0.0586565752128666,0
f222051618,ferrinatice,0.05297297297297297,0
f222051618,joycewanga,0.0624263839811543,0
f222051618,genaro,0.07395498392282958,0
fxntdsxdr,kbook,0.06285178236397748,0
joycewanga,kbook,0.07921928817451206,0
freedom168,zebra7,0.05016722408026756,0
anyweather,genaro,0.07282608695652174,0
genaro,stark,0.07113543091655267,0
g9122xj,iecdalu,0.06164383561643835,0
iecdalu,kenshin333,0.05852766346593507,0
quatre00,tom501062003,0.09,0
iecdalu,quatre00,0.06330597889800703,0
NXT0614,quatre00,0.05226480836236934,0
RLH,iecdalu,0.05110220440881764,0
PenguinLee,iecdalu,0.05206286836935167,0
DCHC,xunhuiwu,0.09411764705882353,0
barton50195,wmtsung,0.05137751303052867,0
barton50195,joycewanga,0.05342237061769616,0
fdd486,topic21000,0.05084745762711865,0
facefear,genaro,0.05006587615283267,0
OverRed,miyagisamon,0.05080213903743316,0
ae,wenge321,0.0960960960960961,0
fdd486,sharkimage,0.0578915295551493,0
kbook,vizcacha,0.06407942238267147,0
kbook,kids1991,0.06691449814126393,0
thinkfun,wenge321,0.058823529411764705,0
kids1991,wenge321,0.0684326710816777,0
joycewanga,sharkimage,0.08152645273200347,0
inthenchen,nosheep,0.05325443786982249,0
ecat,kenshin333,0.05553584102200142,0
pp520,xru03,0.05178571428571429,0
Victory2,pp520,0.050595238095238096,0
SABA0,anyweather,0.05426356589147287,0
catvsdog,kyokozenki,0.055741360089186176,0
insingW,kyokozenki,0.05039525691699605,0
catvsdog,nodnarb1027,0.061788617886178863,0
sding,ypt,0.06643356643356643,0
SABA0,f222051618,0.05071770334928229,0
duduchiau,tatamishiau,0.05024509803921569,0
YCLLZDBZM,jasontime,0.058011049723756904,0
duduchiau,jasontime,0.07658102766798419,0
YCLLZDBZM,f222051618,0.057608695652173914,0
aaa11334,kaminari22tw,0.06183368869936034,0
freedom168,jasontime,0.08959338387319091,0
f860506,pupu20317,0.0710362504577078,0
anyweather,kint567,0.056504599211563734,0
freedom168,kymcoco,0.050590219224283306,0
Tiphareth,duduchiau,0.05194290245836638,0
Oisiossos,duduchiau,0.051553930530164535,0
ILOVEHobr,lomeoh,0.0539906103286385,0
alvinpom,reynaud,0.06657963446475196,0
reynaud,wendy1wang,0.05067064083457526,0
ox1005,reynaud,0.05368098159509203,0
kbook,reynaud,0.0639269406392694,0
reynaud,topic21000,0.05595408895265423,0
lomeoh,reynaud,0.05319148936170213,0
knightwww,reynaud,0.06911636045494313,0
reynaud,xru03,0.06005586592178771,0
duduchiau,reynaud,0.05097365406643757,0
birdhouse1,reynaud,0.06688417618270799,0
grana,reynaud,0.05254237288135593,0
Shermie,reynaud,0.05140961857379768,0
reynaud,sding,0.05128205128205128,0
charlly,reynaud,0.05756578947368421,0
reynaud,sc6003pc,0.05974025974025974,0
genaro,reynaud,0.07186358099878197,0
alvinpom,lomeoh,0.06802721088435375,0
a19851106,alvinpom,0.05116279069767442,0
ae,archer67,0.0665024630541872,0
lomeoh,sakidiforld,0.05084745762711865,0
ox1005,tobeblack,0.05656565656565657,0
kbook,lomeoh,0.054441260744985676,0
duduchiau,kbook,0.07021276595744681,0
topic21000,zhangyi0830,0.05393258426966292,0
topic21000,wenge321,0.07756813417190776,0
henry46277,topic21000,0.06330275229357799,0
knightwww,topic21000,0.075591985428051,0
tobeblack,topic21000,0.05555555555555555,0
archer67,topic21000,0.07454545454545454,0
JoJoSonic,topic21000,0.07042253521126761,0
lomeoh,xru03,0.06133828996282528,0
birdhouse1,lomeoh,0.05517241379310345,0
archer67,lomeoh,0.05995203836930456,0
charlly,lomeoh,0.053488372093023255,0
genaro,lomeoh,0.060653188180404355,0
birdhouse1,tobeblack,0.05482456140350877,0
charlly,tobeblack,0.05321507760532151,0
Shermie,a19851106,0.056016597510373446,0
bearsea,lee7317,0.05065666041275797,0
bearsea,dream99,0.061527057079318014,0
bearsea,freedom168,0.07750631844987363,0
DCHC,z739,0.09876543209876543,0
alvinpom,kan8634,0.05670103092783505,0
kan8634,thinkfun,0.06394316163410302,0
poisonshing,thinkfun,0.055248618784530384,0
DudeFromMars,kaminari22tw,0.052104208416833664,0
didder,imkp,0.054835493519441676,0
KingKingCold,k24315315,0.05,0
k24315315,poisonshing,0.05149700598802395,0
f016tw,fxntdsxdr,0.05115346038114343,0
SABA0,k24315315,0.06797235023041474,0
amberini,stark,0.06109979633401222,0
amberini,pp520,0.05176470588235294,0
Shermie,amberini,0.05203619909502263,0
amberini,genaro,0.07878787878787878,0
dream99,wmtsung,0.055930568948891035,0
cosloy,pp520,0.05502392344497608,0
Evoque,genaro,0.05065359477124183,0
ae,pp520,0.060453400503778336,0
f222051618,live1002,0.05071967100753941,0
arus1230,tobeblack,0.0634441087613293,0
pp520,wenge321,0.06284153005464481,0
JoJoSonic,pp520,0.05181347150259067,0
SABA0,linceass,0.05752636625119847,0
inthenchen,zebra7,0.05112219451371571,0
Holte,inthenchen,0.05339105339105339,0
f016tw,jasontime,0.053456221198156684,0
jasontime,william12tw,0.06968933669185558,0
jasontime,thinkfun,0.07707317073170732,0
barton50195,jasontime,0.05555555555555555,0
anyweather,helloffx,0.05688282138794084,0
imkp,sharkimage,0.06264150943396227,0
anyweather,sharkimage,0.059665871121718374,0
KingKingCold,VieriKing,0.050997782705099776,0
barton50195,pp520,0.05803571428571429,0
kan8634,pp520,0.05472636815920398,0
cynric717,pp520,0.0512,0
pp520,sharkimage,0.05688622754491018,0
bearsea,helloffx,0.06675062972292191,0
fxntdsxdr,helloffx,0.05360824742268041,0
cynric717,helloffx,0.07203907203907203,0
kyokozenki,sharkimage,0.06772334293948126,0
kan8634,liangda,0.05187319884726225,0
catvsdog,liangda,0.05043859649122807,0
VieriKing,liangda,0.05042016806722689,0
barton50195,knightwww,0.05472636815920398,0
SABA0,cynric717,0.051440329218107,0
bearsea,insingW,0.05150753768844221,0
cynric717,joycewanga,0.05025773195876289,0
amberini,joycewanga,0.06944444444444445,0
barton50195,cynric717,0.06531881804043546,0
barton50195,spector66,0.05759162303664921,0
Shermie,kan8634,0.07398568019093078,0
Shermie,catvsdog,0.056818181818181816,0
Shermie,cynric717,0.059190031152647975,0
g1assesb0y,kan8634,0.07167235494880546,0
catvsdog,kan8634,0.07867494824016563,0
bearsea,kan8634,0.08216783216783216,0
kan8634,tatamishiau,0.06756756756756757,0
fxntdsxdr,kan8634,0.07085561497326204,0
kan8634,p1227426,0.06133333333333333,0
g1assesb0y,spector66,0.050980392156862744,0
bearsea,catvsdog,0.08076358296622614,0
bearsea,cosloy,0.06462585034013606,0
bearsea,cynric717,0.10314465408805032,0
bearsea,snakei14702,0.05143721633888049,0
bearsea,spector66,0.05056179775280899,0
bearsea,sharkimage,0.07167235494880546,0
amberini,bearsea,0.06386554621848739,0
cynric717,tatamishiau,0.07646176911544228,0
cosloy,cynric717,0.06035889070146819,0
FuwafuwaCAT,cosloy,0.07046070460704607,0
cynric717,fxntdsxdr,0.07621009268795056,0
cynric717,snakei14702,0.05102040816326531,0
cynric717,thinkfun,0.06615776081424936,0
cynric717,genaro,0.09534883720930233,0
FuwafuwaCAT,o0kk0ogreen,0.05244755244755245,0
amberini,thinkfun,0.07337883959044368,0
Tiphareth,wmtsung,0.056712450155073105,0
OverRed,inthenchen,0.05606060606060606,0
dream99,imkp,0.05792276964047936,0
freedom168,jason486,0.05420560747663551,0
bearsea,jason486,0.05359877488514548,0
alvinpom,jason486,0.06184012066365008,0
amberini,jason486,0.05230125523012552,0
fxntdsxdr,reynaud,0.07188841201716738,0
freedom168,reynaud,0.05285592497868713,0
bearsea,reynaud,0.06613756613756613,0
imkp,reynaud,0.052805280528052806,0
pp520,reynaud,0.06484641638225255,0
reynaud,thinkfun,0.058902275769745646,0
reynaud,sharkimage,0.06217616580310881,0
kan8634,reynaud,0.05017921146953405,0
liangda,reynaud,0.05649717514124294,0
kids1991,reynaud,0.0638930163447251,0
freedom168,kan8634,0.05055611729019211,0
atzer2002,bearsea,0.058284762697751874,0
Shermie,j821005,0.05707762557077625,0
SSkey,kan8634,0.056179775280898875,0
Shermie,atzer2002,0.05152671755725191,0
imkp,kan8634,0.05241379310344828,0
kids1991,pp520,0.061895551257253385,0
kids1991,spector66,0.06208425720620843,0
kan8634,sding,0.058011049723756904,0
kan8634,sc6003pc,0.05046343975283213,0
kan8634,kids1991,0.05725971370143149,0
miracle1215,sding,0.05186385737439222,0
miracle1215,sc6003pc,0.05057096247960848,0
kids1991,virginleo,0.05378973105134474,0
amberini,kids1991,0.068359375,0
alvinpom,trustinme,0.050434782608695654,0
inthenchen,xru03,0.057104913678618856,0
wenge321,xunhuiwu,0.0547945205479452,0
lomeoh,tatamishiau,0.05333333333333334,0
freedom168,lomeoh,0.05226130653266332,0
jason486,qkenny,0.05172413793103448,0
jason486,jasontime,0.05343511450381679,0
jasontime,snakei14702,0.05081081081081081,0
alvinpom,snakei14702,0.05514157973174367,0
imkp,snakei14702,0.052825552825552825,0
facefear,lomeoh,0.05179282868525897,0
facefear,jasontime,0.06784968684759916,0
birdhouse1,facefear,0.050816696914700546,0
jasontime,lomeoh,0.06175771971496437,0
kids1991,lomeoh,0.06262626262626263,0
imkp,lomeoh,0.057455540355677154,0
ferrinatice,poisonshing,0.05046343975283213,0
poisonshing,xx49874039,0.056210335448776065,0
jasontime,poisonshing,0.06621392190152801,0
jasontime,k24315315,0.05340314136125655,0
arus1230,thinkfun,0.09533468559837728,0
arus1230,kids1991,0.06205250596658711,0
kids1991,ya870801,0.06167400881057269,0
kbook,nikolas,0.05200433369447454,0
topic21000,xx49874039,0.052222222222222225,0
reynaud,xx49874039,0.05291005291005291,0
anyweather,lomeoh,0.05580693815987934,0
liangda,lomeoh,0.05099150141643059,0
anyweather,reynaud,0.0558858501783591,0
anyweather,kids1991,0.054404145077720206,0
sharkimage,topic21000,0.08355795148247978,0
liangda,topic21000,0.053497942386831275,0
kids1991,topic21000,0.09554140127388536,0
kids1991,waiyee,0.05084745762711865,0
funwing,reynaud,0.056768558951965066,0
f222051618,topic21000,0.06798516687268233,0
duduchiau,sharkimage,0.0818686401480111,0
cynric717,ferrinatice,0.056338028169014086,0
cynric717,smisfun,0.05198776758409786,0
cynric717,dream99,0.05749636098981077,0
alvinpom,cynric717,0.12546583850931678,0
cynric717,didder,0.06285714285714286,0
quatre00,wl355062,0.05090909090909091,0
sharkimage,stark,0.05149812734082397,0
kids1991,stark,0.058319039451114926,0
lee7317,ox1005,0.08158508158508158,0
lee7317,thinkfun,0.07442748091603053,0
lee7317,sharkimage,0.051336898395721926,0
lee7317,pp520,0.06611570247933884,0
sharkimage,wendy1wang,0.06531738730450783,0
pp520,wendy1wang,0.06019417475728155,0
erichang,kids1991,0.05204460966542751,0
birdhouse1,pp520,0.0700218818380744,0
Victory2,maywrann,0.06048387096774194,0
newstyle,pda2001,0.05504587155963303,0
WTF55665566,silentence,0.05300500834724541,0
arus1230,vizcacha,0.0625,0
arus1230,stroy,0.05511811023622047,0
edisgood,pp520,0.06175771971496437,0
dreamelves,stroy,0.06324110671936758,0
kids1991,stroy,0.0683371298405467,0
charlly,dreamelves,0.059490084985835696,0
dreamelves,thinkfun,0.052845528455284556,0
dreamelves,genaro,0.061837455830388695,0
dreamelves,kids1991,0.07655502392344497,0
pp520,ya870801,0.08174386920980926,0
benjy0218,zebra7,0.051181102362204724,0
fxntdsxdr,lomeoh,0.05172413793103448,0
fxntdsxdr,hero720,0.052508751458576426,0
fxntdsxdr,porridge,0.0609597924773022,0
RW2010,fxntdsxdr,0.053125,0
RW2010,kyokozenki,0.054,0
Evoque,hero720,0.05021834061135371,0
bearsea,kbook,0.07191011235955057,0
kbook,lee7317,0.06278713629402756,0
kbook,pp520,0.05277777777777778,0
benjy0218,birdhouse1,0.05245901639344262,0
benjy0218,sharkimage,0.05367965367965368,0
RW2010,benjy0218,0.05345501955671447,0
benjy0218,topic21000,0.07348703170028818,0
lee7317,wenge321,0.07357859531772576,0
baby0816,kan8634,0.05144694533762058,0
hero720,kan8634,0.051759834368530024,0
anyweather,kan8634,0.0563165905631659,0
a80563,kymcoco,0.05382775119617225,0
miracle1215,skyexers,0.054764512595837894,0
bearsea,lomeoh,0.07439446366782007,0
lomeoh,pp520,0.05392156862745098,0
bearsea,hero720,0.06901615271659324,0
Shermie,hero720,0.05113636363636364,0
beanseven,bearsea,0.05592105263157895,0
beanseven,thinkfun,0.05008347245409015,0
beanseven,kymcoco,0.054365733113673806,0
beanseven,genaro,0.05646359583952452,0
topic21000,trustinme,0.0533596837944664,0
babyMclaren,bearsea,0.052348993288590606,0
bearsea,topic21000,0.06188466947960619,0
lee7317,topic21000,0.0759493670886076,0
f016tw,lee7317,0.053082191780821915,0
genaro,lee7317,0.06020066889632107,0
kymcoco,sharkimage,0.05550811272416738,0
anyweather,ericliung,0.05228758169934641,0
anyweather,kymcoco,0.05503512880562061,0
anyweather,sding,0.05736434108527132,0
helloffx,poisonshing,0.05223880597014925,0
anyweather,poisonshing,0.08108108108108109,0
MisuzuXD,iecdalu,0.052827843380981974,0
didder,fxntdsxdr,0.050682261208576995,0
f222051618,k24315315,0.050697084917617236,0
bearsea,f222051618,0.08064516129032258,0
bearsea,k24315315,0.07670043415340087,0
alvinpom,stark,0.05621301775147929,0
catvsdog,k24315315,0.061461794019933555,0
cama,iecdalu,0.056818181818181816,0
bibiwei,iecdalu,0.0517515923566879,0
osk2,quatre00,0.07421875,0
atzer2002,jasontime,0.05187713310580205,0
duduchiau,kyokozenki,0.061234817813765184,0
duduchiau,kids1991,0.0518783542039356,0
f222051618,reynaud,0.06908665105386416,0
cosloy,kazekaze,0.05537459283387622,0
DudeFromMars,aaa11334,0.052845528455284556,0
copycat603,knightwww,0.05120481927710843,0
Evoque,alvinpom,0.05565529622980251,0
lee7317,ypt,0.05791505791505792,0
lee7317,stroy,0.056140350877192984,0
f222051618,ypt,0.05723905723905724,0
Shermie,ypt,0.05539358600583091,0
catvsdog,ferrinatice,0.05555555555555555,0
anyweather,freakwei,0.053824362606232294,0
catvsdog,kismets,0.05414746543778802,0
barton50195,edisgood,0.05922551252847381,0
edisgood,wenge321,0.10084033613445378,0
edisgood,sharkimage,0.06445115810674723,0
JoJoSonic,edisgood,0.0610079575596817,0
f222051618,kismets,0.07014218009478673,0
f016tw,f222051618,0.05223068552774755,0
kismets,poisonshing,0.05086285195277021,0
kismets,sharkimage,0.05886681383370125,0
genaro,kismets,0.05870841487279843,0
RW2010,xunhuiwu,0.06296296296296296,0
archer67,kids1991,0.06653992395437262,0
archer67,catvsdog,0.05384615384615385,0
duduchiau,kismets,0.05906522855675398,0
copycat603,duduchiau,0.055929570170895906,0
copycat603,kismets,0.051418439716312055,0
catvsdog,cursedsoul,0.054455445544554455,0
archer67,cursedsoul,0.05120481927710843,0
archer67,cosloy,0.05152224824355972,0
alvinpom,cosloy,0.05016722408026756,0
KingKingCold,marinetauren,0.055793991416309016,0
anyweather,duduchiau,0.06124661246612466,0
freedom168,kismets,0.05822416302765648,0
f222051618,hayato01,0.053125,0
hero720,poisonshing,0.05333333333333334,0
dreamelves,hero720,0.055825242718446605,0
SSkey,hero720,0.05591397849462366,0
CDOL,osk2,0.07368421052631578,0
archer67,kan8634,0.06082725060827251,0
archer67,sharkimage,0.05637982195845697,0
archer67,dreamelves,0.05,0
archer67,g1assesb0y,0.05454545454545454,0
SSkey,catvsdog,0.05161290322580645,0
anyweather,dreamelves,0.06996587030716724,0
Shermie,dreamelves,0.05459770114942529,0
bizer,kan8634,0.059602649006622516,0
colenken,kan8634,0.06428571428571428,0
kan8634,thepstar,0.055900621118012424,0
SSkey,sindy520,0.055762081784386616,0
bizer,s4511981,0.05240174672489083,0
SSkey,dreamelves,0.07719298245614035,0
dreamelves,thepstar,0.07171314741035857,0
kenshin333,octopus4406,0.06492445896284198,0
f222051618,ox1005,0.05235602094240838,0
arus1230,topic21000,0.08803611738148984,0
arus1230,lee7317,0.07924528301886792,0
topic21000,ypt,0.059496567505720827,0
edisgood,topic21000,0.07706766917293233,0
ae,lee7317,0.05757575757575758,0
ZOTA15,sharkimage,0.06339285714285714,0
charlly,kan8634,0.07547169811320754,0
catvsdog,kymcoco,0.05,0
freedom168,loveup,0.05152394775036284,0
cynric717,freedom168,0.09323432343234324,0
cynric717,f016tw,0.06264775413711583,0
cynric717,topic21000,0.07336956521739131,0
cynric717,kymcoco,0.07304785894206549,0
cynric717,loveup,0.056795131845841784,0
genaro,loveup,0.050682261208576995,0
cynric717,duduchiau,0.0700280112044818,0
cynric717,imkp,0.08333333333333333,0
jasontime,sharkimage,0.07520891364902507,0
benjy0218,edisgood,0.05400696864111498,0
ILOVEHobr,edisgood,0.05922551252847381,0
edisgood,kbook,0.06329113924050633,0
Evoque,august628,0.07253886010362694,0
Evoque,charlly,0.05764411027568922,0
benjy0218,f222051618,0.05992949471210341,0
f222051618,jasontime,0.09540636042402827,0
august628,f222051618,0.05233380480905234,0
catvsdog,xx49874039,0.05057471264367816,0
benjy0218,jasontime,0.05211406096361849,0
ILOVEHobr,lee7317,0.05249343832020997,0
barton50195,ya870801,0.08051948051948052,0
lee7317,ya870801,0.1,0
august628,jasontime,0.07789232531500573,0
jasontime,kan8634,0.06339712918660287,0
catvsdog,jasontime,0.06031746031746032,0
FlashMan,marinetauren,0.05733082706766917,0
archer67,august628,0.05580357142857143,0
august628,kan8634,0.06326034063260341,0
august628,snakei14702,0.052,0
august628,catvsdog,0.05,0
august628,fxntdsxdr,0.061146496815286625,0
august628,imkp,0.05905511811023622,0
asdlkjfgh,genaro,0.05253623188405797,0
lee7317,spector66,0.050505050505050504,0
joycewanga,reynaud,0.06919945725915876,0
cosloy,lomeoh,0.050505050505050504,0
jasontime,reynaud,0.06470588235294118,0
a19851106,catvsdog,0.054945054945054944,0
bludens,catvsdog,0.05799648506151142,0
anyweather,cynric717,0.0875,0
anyweather,jasontime,0.08221626452189455,0
edisgood,reynaud,0.05719237435008666,0
kismets,reynaud,0.05408271474019088,0
bearsea,copycat603,0.05419766206163656,0
helloffx,kids1991,0.053445850914205346,0
bearsea,kismets,0.06478578892371996,0
kids1991,kismets,0.05835240274599542,0
dream99,duduchiau,0.06241983753740915,0
duduchiau,fxntdsxdr,0.06611570247933884,0
cynric717,poisonshing,0.07454739084132056,0
edisgood,joycewanga,0.08916083916083917,0
DavidFoster,f222051618,0.05,0
f222051618,kids1991,0.08152866242038216,0
jasontime,loveup,0.061224489795918366,0
jasontime,topic21000,0.06153846153846154,0
cynric717,jasontime,0.11142587346553352,0
SABA0,loveup,0.050966608084358524,0
anyweather,dadidi,0.061691542288557215,0
cynric717,dadidi,0.07724867724867725,0
cynric717,trustinme,0.06949152542372881,0
charlly,cynric717,0.07727975270479134,0
archer67,cynric717,0.06309148264984227,0
cynric717,xx49874039,0.06910569105691057,0
cynric717,kids1991,0.10393258426966293,0
fhsh115,osk2,0.05389221556886228,0
osk2,tom501062003,0.06967213114754098,0
j821005,lomeoh,0.05764411027568922,0
beanseven,virginleo,0.05454545454545454,0
genaro,virginleo,0.05206463195691203,0
bearsea,poisonshing,0.06564551422319474,0
jasontime,pp520,0.052083333333333336,0
f222051618,inthenchen,0.050505050505050504,0
amberini,turbomons,0.05134474327628362,0
bearsea,duduchiau,0.06704545454545455,0
bearsea,loveup,0.06347554630593132,0
august628,bearsea,0.07717569786535304,0
SSkey,august628,0.061068702290076333,0
o0kk0ogreen,osk2,0.05454545454545454,0
SSkey,o0kk0ogreen,0.05190311418685121,0
alvinpom,kint567,0.0641399416909621,0
JoJoSonic,lee7317,0.06269592476489028,0
sding,stark,0.05043859649122807,0
asdlkjfgh,sding,0.05415162454873646,0
sharkimage,ya870801,0.07135250266240682,0
bearsea,didder,0.052941176470588235,0
didder,kids1991,0.05345501955671447,0
jay70134,kbook,0.05102040816326531,0
jason486,stroy,0.05432098765432099,0
reynaud,stroy,0.05511811023622047,0
lee7317,reynaud,0.05009633911368015,0
fxntdsxdr,kismets,0.06266548984995587,0
Dayton,skyexers,0.052941176470588235,0
Dayton,Shermie,0.05073649754500818,0
annie06045,art1,0.0528169014084507,0
art1,pda2001,0.0598669623059867,0
alvinpom,beanseven,0.07766990291262135,0
barton50195,lomeoh,0.06338028169014084,0
duduchiau,william12tw,0.05268648930620762,0
bearsea,william12tw,0.05717367853290183,0
ab060986,bearsea,0.05056179775280899,0
bearsea,jay70134,0.05271084337349398,0
EggAcme,tigerzz3,0.05080213903743316,0
a19851106,bearsea,0.05826771653543307,0
henryliao,monkey6,0.05084745762711865,0
anyweather,k24315315,0.05412371134020619,0
e12518166339,octopus4406,0.058852378616969105,0
a19851106,cynric717,0.05606060606060606,0
cynric717,william12tw,0.08823529411764706,0
hsnumax,vizcacha,0.07377049180327869,0
ZOTA15,cynric717,0.059219380888290714,0
amberini,topic21000,0.07462686567164178,0
o0kk0ogreen,smisfun,0.054945054945054944,0
imkp,smisfun,0.05754475703324808,0
amberini,jasontime,0.05587892898719441,0
HcdEing,kingman0716,0.055248618784530384,0
a19851106,supersonic90,0.05542168674698795,0
kingman0716,lomeoh,0.05980861244019139,0
bearsea,kingman0716,0.054098360655737705,0
amberini,lomeoh,0.05707196029776675,0
lomeoh,supersonic90,0.05865921787709497,0
bearsea,supersonic90,0.06363636363636363,0
EggAcme,iecdalu,0.05087527352297593,0
FuwafuwaCAT,lomeoh,0.055710306406685235,0
DudeFromMars,a19851106,0.05675146771037182,0
FuwafuwaCAT,k24315315,0.05084745762711865,0
kingman0716,reynaud,0.053691275167785234,0
henryliao,kaminari22tw,0.05542725173210162,0
DCHC,kaminari22tw,0.06818181818181818,0
a19851106,kaminari22tw,0.05122950819672131,0
kan8634,klkmit6117,0.052054794520547946,0
a19851106,kan8634,0.05491990846681922,0
DCHC,a19851106,0.06593406593406594,0
sc6003pc,smisfun,0.057392996108949414,0
k24315315,kan8634,0.056795131845841784,0
cynric717,kismets,0.06109979633401222,0
alvinpom,laybear,0.06118546845124283,0
beanseven,jasontime,0.06077981651376147,0
kismets,kymcoco,0.053347280334728034,0
hsnumax,thinkfun,0.08277703604806408,0
aa55667878,hsnumax,0.05710659898477157,0
aa55667878,amberini,0.0512,0
hsnumax,sharkimage,0.06637931034482758,0
bruce2248,quatre00,0.06363636363636363,0
kymcoco,snakei14702,0.05757575757575758,0
mikemiao1492,stu25936,0.09491525423728814,0
molsmopuim,stu25936,0.05228758169934641,0
mikemiao1492,molsmopuim,0.06906906906906907,0
SSkey,mikemiao1492,0.051515151515151514,0
SSkey,molsmopuim,0.05571847507331378,0
FuwafuwaCAT,j821005,0.051075268817204304,0
bearsea,cursedsoul,0.05476673427991886,0
FuwafuwaCAT,cursedsoul,0.058394160583941604,0
hsnumax,ox1005,0.05045871559633028,0
hsnumax,topic21000,0.058655221745350504,0
cynric717,hsnumax,0.06896551724137931,0
cynric717,erichang,0.05263157894736842,0
cynric717,lomeoh,0.05804311774461028,0
didder,jasontime,0.06283662477558348,0
babyMclaren,catvsdog,0.051829268292682924,0
jasontime,stroy,0.05089058524173028,0
helloffx,jasontime,0.052930056710775046,0
beanseven,cynric717,0.09004739336492891,0
cynric717,reynaud,0.056338028169014086,0
cynric717,jason486,0.058997050147492625,0
cynric717,stroy,0.0603290676416819,0
cynric717,ypt,0.07485604606525911,0
jasontime,ypt,0.05921052631578947,0
jasontime,kismets,0.05896805896805897,0
august628,cynric717,0.09305993690851735,0
august628,ypt,0.0626865671641791,0
amberini,ox1005,0.06924643584521385,0
ZOTA15,august628,0.05385996409335727,0
ZOTA15,aa55667878,0.053475935828877004,0
kingman0716,thinkfun,0.05823627287853577,0
alvinpom,kingman0716,0.05806451612903226,0
Shermie,kingman0716,0.05032822757111598,0
amberini,birdhouse1,0.05530973451327434,0
DudeFromMars,xunhuiwu,0.06965174129353234,0
august628,smisfun,0.06196581196581197,0
amberini,smisfun,0.05506607929515418,0
Shermie,smisfun,0.05042016806722689,0
sding,smisfun,0.050119331742243436,0
hero720,smisfun,0.05555555555555555,0
Evoque,smisfun,0.05172413793103448,0
amberini,archer67,0.052995391705069124,0
freakwei,imkp,0.055013309671694766,0
anyweather,august628,0.07204610951008646,0
anyweather,kingman0716,0.053237410071942444,0
nicklo,vizcacha,0.05454545454545454,0
charlly,nicklo,0.05228758169934641,0
copycat603,william12tw,0.051001821493624776,0
kids1991,kingman0716,0.056925996204933584,0
a19851106,monkey6,0.056925996204933584,0
bruce2248,iecdalu,0.0672782874617737,0
RW2010,monkey6,0.05621301775147929,0
RW2010,a19851106,0.05084745762711865,0
DCHC,tony900735,0.06005221932114883,0
DCHC,monkey6,0.058823529411764705,0
DCHC,aaa11334,0.06666666666666667,0
DCHC,henryliao,0.0744336569579288,0
DCHC,junibookye,0.1,0
DCHC,DudeFromMars,0.06133333333333333,0
DCHC,a7788783,0.06284153005464481,0
tony900735,xunhuiwu,0.06341463414634146,0
tony900735,z739,0.05778894472361809,0
junibookye,tony900735,0.05974025974025974,0
a19851106,tony900735,0.05009633911368015,0
monkey6,xunhuiwu,0.06220095693779904,0
monkey6,z739,0.05665024630541872,0
junibookye,monkey6,0.058524173027989825,0
a7788783,monkey6,0.054820415879017016,0
kaminari22tw,xunhuiwu,0.06068601583113457,0
junibookye,kaminari22tw,0.06497175141242938,0
aaa11334,xunhuiwu,0.06182795698924731,0
aaa11334,z739,0.06388888888888888,0
aaa11334,henryliao,0.0539906103286385,0
aaa11334,junibookye,0.06628242074927954,0
xunhuiwu,z739,0.08518518518518518,0
junibookye,xunhuiwu,0.08949416342412451,0
a7788783,xunhuiwu,0.06870229007633588,0
a19851106,xunhuiwu,0.07161125319693094,0
henryliao,z739,0.07098765432098765,0
junibookye,z739,0.09387755102040816,0
DudeFromMars,z739,0.06153846153846154,0
a7788783,z739,0.06036745406824147,0
a19851106,z739,0.06068601583113457,0
henryliao,junibookye,0.07395498392282958,0
DudeFromMars,henryliao,0.05043859649122807,0
a7788783,henryliao,0.053691275167785234,0
a19851106,henryliao,0.05393258426966292,0
DudeFromMars,junibookye,0.0636604774535809,0
a7788783,junibookye,0.06793478260869565,0
a19851106,junibookye,0.06284153005464481,0
a19851106,a7788783,0.05776892430278884,0
freakwei,jasontime,0.05573505654281099,0
iecdalu,nlriey,0.060674157303370786,0
cynric717,zoeapezoo,0.06143896523848019,0
august628,tatamishiau,0.060291060291060294,0
lolovero,silentence,0.05341943058409158,0
jack0216,lolovero,0.05183356840620593,0
cynric717,waiyee,0.056338028169014086,0
freakwei,fxntdsxdr,0.05304347826086957,0
amare1015,f222051618,0.0508578431372549,0
cynric717,turbomons,0.05992141453831041,0
mukuro,rainfarmer,0.05412054120541206,0
cynric717,kingman0716,0.06456692913385827,0
cursedsoul,stroy,0.053061224489795916,0
copycat603,cynric717,0.07142857142857142,0
cynric717,purplvampire,0.059154929577464786,0
kan8634,ypt,0.06040268456375839,0
cursedsoul,ypt,0.0639269406392694,0
august628,waiyee,0.05518763796909492,0
cursedsoul,kan8634,0.0576271186440678,0
FuwafuwaCAT,jay70134,0.051685393258426963,0
FuwafuwaCAT,mayshun,0.05185185185185185,0
eyeter,octopus4406,0.05796370967741935,0
iecdalu,octopus4406,0.06038647342995169,0
kids1991,ypt,0.06537530266343826,0
bearsea,smisfun,0.07154213036565978,0
bearsea,freakwei,0.054414784394250515,0
cursedsoul,molsmopuim,0.05,0
alvinpom,chiyoko,0.05172413793103448,0
anyweather,smisfun,0.05742296918767507,0
benjy0218,cynric717,0.05784061696658098,0
jason486,jira,0.05026455026455026,0
freedom168,mamamia666,0.06287425149700598,0
jasontime,mamamia666,0.07420494699646643,0
mamamia666,ox1005,0.08523908523908524,0
SSkey,cynric717,0.05181347150259067,0
cynric717,mamamia666,0.10163934426229508,0
barton50195,mamamia666,0.057736720554272515,0
kbook,mamamia666,0.062411347517730496,0
amberini,mamamia666,0.06585365853658537,0
mamamia666,stroy,0.050445103857566766,0
imkp,mamamia666,0.056910569105691054,0
EggAcme,silentence,0.05628517823639775,0
MisuzuXD,malisse74,0.05216913783635365,0
bizer,gin10791,0.05223880597014925,0
agoodjob,f222051618,0.057571964956195244,0
mamamia666,thinkfun,0.0763888888888889,0
Shermie,agoodjob,0.05291970802919708,0
agoodjob,kyokozenki,0.05561613958560523,0
agoodjob,henry46277,0.05,0
agoodjob,anyweather,0.05343511450381679,0
agoodjob,nosheep,0.05179282868525897,0
oops66,r594547,0.05016181229773463,0
libur,peter105096,0.06397306397306397,0
iecdalu,libur,0.05506883604505632,0
libur,quatre00,0.10852713178294573,0
beerduck,tom50512,0.050156739811912224,0
birdhouse1,chiyoko,0.07321131447587355,0
hippo998,ya870801,0.05970149253731343,0
hippo998,lee7317,0.056818181818181816,0
birdhouse1,mamamia666,0.06787330316742081,0
bruce2248,libur,0.06735751295336788,0
libur,osk2,0.07920792079207921,0
agoodjob,liangda,0.052521008403361345,0
catvsdog,smart8122,0.05491990846681922,0
alvinpom,mamamia666,0.07563025210084033,0
genaro,mamamia666,0.08153846153846153,0
amberini,arus1230,0.08868501529051988,0
agoodjob,bearsea,0.05420827389443652,0
bearsea,mamamia666,0.0547008547008547,0
mamamia666,topic21000,0.0741444866920152,0
charlly,mamamia666,0.05263157894736842,0
cosloy,smart8122,0.055232558139534885,0
kan8634,smisfun,0.05104408352668213,0
gin10791,osk2,0.05138339920948617,0
oncemore,yudeifish,0.05680119581464873,0
genaro,laybear,0.06747404844290658,0
Dayton,sc6003pc,0.052450558899398106,0
kids1991,mamamia666,0.0697211155378486,0
lomeoh,mamamia666,0.05597964376590331,0
august628,helloffx,0.053712480252764615,0
august628,jason486,0.06910569105691057,0
jasontime,kint567,0.052127659574468084,0
imkp,kint567,0.05548854041013269,0
cynric717,kint567,0.052781740370898715,0
bruce2248,offstage,0.06331877729257641,0
benjy0218,nicklo,0.05254237288135593,0
cursedsoul,smart8122,0.0642570281124498,0
FuwafuwaCAT,smart8122,0.05211726384364821,0
bizer,offstage,0.0657439446366782,0
bizer,libur,0.055299539170506916,0
libur,offstage,0.05434782608695652,0
FuwafuwaCAT,smisfun,0.05365853658536585,0
smart8122,ypt,0.06349206349206349,0
august628,mamamia666,0.0660377358490566,0
fcuk9981,smisfun,0.05371900826446281,0
aa55667878,benjy0218,0.05236270753512133,0
nlriey,peter105096,0.061855670103092786,0
chiyoko,ox1005,0.0578125,0
aa55667878,chiyoko,0.05297157622739018,0
chiyoko,topic21000,0.07445255474452554,0
chiyoko,genaro,0.0865265760197775,0
chiyoko,kids1991,0.059001512859304085,0
eWriter,smisfun,0.05301204819277108,0
knightwww,kofreeko,0.0627027027027027,0
kofreeko,wendy1wang,0.09050772626931568,0
henry46277,kofreeko,0.05343511450381679,0
kofreeko,sharkimage,0.09574468085106383,0
kofreeko,ox1005,0.16589861751152074,0
genaro,kofreeko,0.09950248756218906,0
ae,kofreeko,0.09253731343283582,0
kofreeko,ya870801,0.11475409836065574,0
kofreeko,vizcacha,0.06878306878306878,0
birdhouse1,kofreeko,0.1291139240506329,0
kofreeko,turbomons,0.07752956636005257,0
kofreeko,wenge321,0.08881578947368421,0
kbook,kofreeko,0.07598784194528875,0
kofreeko,windmax1,0.05755395683453238,0
kofreeko,mamamia666,0.06515580736543909,0
charlly,kofreeko,0.08974358974358974,0
kofreeko,zhangyi0830,0.0625,0
edisgood,kofreeko,0.11142061281337047,0
jason486,mamamia666,0.05128205128205128,0
chiyoko,thinkfun,0.06258503401360545,0
hippo998,kofreeko,0.05204460966542751,0
kofreeko,nicklo,0.06133333333333333,0
chiyoko,kofreeko,0.068359375,0
chiyoko,mamamia666,0.06797853309481217,0
joycewanga,kofreeko,0.09248554913294797,0
octopus4406,rayisgreat,0.08512160228898426,0
stark,topic21000,0.05601317957166392,0
funwing,kofreeko,0.05543710021321962,0
kofreeko,stroy,0.05172413793103448,0
hsnumax,kofreeko,0.057034220532319393,0
kofreeko,thinkfun,0.09829867674858223,0
kids1991,kofreeko,0.06153846153846154,0
kofreeko,lee7317,0.059800664451827246,0
benjy0218,kids1991,0.058208955223880594,0
aa55667878,cynric717,0.052121212121212124,0
kofreeko,topic21000,0.1127348643006263,0
kofreeko,miyagisamon,0.06909090909090909,0
august628,kymcoco,0.05592105263157895,0
alvinpom,kofreeko,0.051094890510948905,0
laybear,topic21000,0.09030837004405286,0
benjy0218,kofreeko,0.0690978886756238,0
jason486,smisfun,0.05859375,0
amberini,lee7317,0.05027932960893855,0
Moratti,ecat,0.051606775368054456,0
ainokodoba,bearsea,0.059813084112149535,0
arus1230,kofreeko,0.18518518518518517,0
amberini,kofreeko,0.11570247933884298,0
ainokodoba,jasontime,0.05006257822277847,0
ainokodoba,sding,0.052307692307692305,0
ainokodoba,mamamia666,0.05714285714285714,0
Shermie,mayshun,0.05357142857142857,0
arus1230,laybear,0.0653061224489796,0
kofreeko,tobeblack,0.05449591280653951,0
kofreeko,laybear,0.099644128113879,0
amberini,laybear,0.0621301775147929,0
laybear,ox1005,0.06601466992665037,0
kofreeko,xunhuiwu,0.07142857142857142,0
RodrigueZ810,iecdalu,0.05188387893761581,0
HcdEing,august628,0.055401662049861494,0
august628,kaneka,0.05352112676056338,0
cynric717,terry1020,0.05564142194744977,0
Evoque,mamamia666,0.052486187845303865,0
xunhuiwu,zhangyi0830,0.05,0
laybear,wenge321,0.053763440860215055,0
aa55667878,kofreeko,0.1056338028169014,0
aa55667878,laybear,0.0570902394106814,0
KKB,terry1020,0.05056179775280899,0
ZOTA15,kofreeko,0.06172839506172839,0
RodrigueZ810,octopus4406,0.050505050505050504,0
a2550099,tom50512,0.05215419501133787,0
iecdalu,tom50512,0.06438631790744467,0
august628,kinghunter,0.0681265206812652,0
imkp,kinghunter,0.05241379310344828,0
kinghunter,thepstar,0.052795031055900624,0
kids1991,kinghunter,0.06134969325153374,0
genaro,kinghunter,0.05023547880690738,0
Evoque,kinghunter,0.06017191977077364,0
ZOTA15,vizcacha,0.05235042735042735,0
dodo577,ginobili62,0.05439330543933055,0
iecdalu,lolovero,0.053019145802650956,0
laybear,ypt,0.0502092050209205,0
kymcoco,supersonic90,0.056466302367941715,0
alvinpom,supersonic90,0.05892857142857143,0
supersonic90,tatamishiau,0.052132701421800945,0
supersonic90,ypt,0.05434782608695652,0
legendmtg,octopus4406,0.07628205128205129,0
charlly,chiyoko,0.050335570469798654,0
kymcoco,waiyee,0.052202283849918436,0
EggAcme,lolovero,0.05625252934034804,0
nlriey,quatre00,0.06876790830945559,0
aa55667878,mamamia666,0.05040650406504065,0
larusa,octopus4406,0.07304277643260694,0
offstage,quatre00,0.06363636363636363,0
quatre00,tom50512,0.0684326710816777,0
NXT0614,libur,0.06437768240343347,0
libur,nlriey,0.061016949152542375,0
dodo577,libur,0.05238095238095238,0
ginobili62,libur,0.06437768240343347,0
chiyoko,hsnumax,0.05327868852459016,0
laybear,mamamia666,0.051829268292682924,0
ainokodoba,kids1991,0.05088495575221239,0
takeda3234,victoryman,0.0551967116852613,0
jasontime,takeda3234,0.054426705370101594,0
mamamia666,takeda3234,0.05059203444564048,0
jazz19860929,tom50512,0.052801724137931036,0
bruce2248,tom50512,0.058519793459552494,0
libur,tom501062003,0.07723577235772358,0
ginobili62,pinkneku,0.0546875,0
jason486,kaneka,0.05012531328320802,0
gin10791,libur,0.054901960784313725,0
ZOTA15,mamamia666,0.054409005628517824,0
hsnumax,mamamia666,0.0506108202443281,0
offstage,peter105096,0.051490514905149054,0
cuteVictor,s790412,0.06363636363636363,0
FuwafuwaCAT,chris590,0.05501618122977346,0
s790412,xx60824xx,0.05581395348837209,0
cynric717,virginleo,0.05029013539651837,0
cynric717,takeda3234,0.07374890254609306,0
Xulture,octopus4406,0.05082872928176796,0
molsmopuim,octopus4406,0.050397877984084884,0
genaro,takeda3234,0.05089058524173028,0
supersonic90,william12tw,0.05799151343705799,0
ainokodoba,august628,0.05080213903743316,0
n6335097,octopus4406,0.05101010101010101,0
buoyant0828,qwe3457878,0.07512953367875648,0
jasontime,kinghunter,0.05143540669856459,0
molsmopuim,rayisgreat,0.058919803600654665,0
cynric717,kinghunter,0.05862646566164154,0
beanseven,kinghunter,0.05365853658536585,0
ainokodoba,cynric717,0.06607142857142857,0
beanseven,wiiplay,0.05084745762711865,0
peter105096,quatre00,0.06837606837606838,0
august628,beanseven,0.06711409395973154,0
beanseven,dark10108,0.0584958217270195,0
ainokodoba,beanseven,0.06970509383378017,0
animad,dark10108,0.06779661016949153,0
ainokodoba,dark10108,0.06293706293706294,0
dreamelves,jasontime,0.06013071895424837,0
cynric717,dreamelves,0.11026615969581749,0
cynric717,dark10108,0.06776556776556776,0
dreamelves,laybear,0.05327868852459016,0
dark10108,dreamelves,0.08333333333333333,0
animad,dreamelves,0.06944444444444445,0
dreamelves,kint567,0.05405405405405406,0
dreamelves,imkp,0.05045871559633028,0
dreamelves,f016tw,0.050724637681159424,0
alvinpom,dreamelves,0.07240704500978473,0
dreamelves,sding,0.061855670103092786,0
dark10108,mamamia666,0.05357142857142857,0
peter105096,tom50512,0.054878048780487805,0
mukuro,quatre00,0.05250596658711217,0
iecdalu,mukuro,0.05625,0
CCNK,octopus4406,0.07150595882990249,0
andy055097,may60524,0.05025125628140704,0
charlly,kinghunter,0.05188679245283019,0
dreamelves,kinghunter,0.0627062706270627,0
dreamelves,leftgentle,0.05338078291814947,0
dreamelves,jira,0.05752212389380531,0
beanseven,dreamelves,0.07669616519174041,0
dreamelves,kymcoco,0.06,0
bearsea,dreamelves,0.06786427145708583,0
kinghunter,supersonic90,0.05965909090909091,0
Peterchiu852,dreamelves,0.055299539170506916,0
dreamelves,ypt,0.07048458149779736,0
a19851106,dreamelves,0.07377049180327869,0
slimak,yudeifish,0.05126658624849216,0
dreamelves,supersonic90,0.09608540925266904,0
cocaineweed,octopus4406,0.06591760299625468,0
deshuge1,ginobili62,0.0513595166163142,0
deshuge1,tom50512,0.052313883299798795,0
dreamelves,trustinme,0.057432432432432436,0
dreamelves,lomeoh,0.06472491909385113,0
a2603,quatre00,0.07973421926910298,0
dreamelves,wiiplay,0.07692307692307693,0
dreamelves,kingman0716,0.05571847507331378,0
beyuki,octopus4406,0.07630813953488372,0
Evoque,supersonic90,0.05504587155963303,0
beanseven,mamamia666,0.06619385342789598,0
ericisfish,tom50512,0.05527638190954774,0
mukuro,tom50512,0.06428571428571428,0
deshuge1,mukuro,0.056155507559395246,0
cocaineweed,mukuro,0.057902973395931145,0
cocaineweed,iecdalu,0.05405405405405406,0
cynric717,supersonic90,0.06260869565217392,0
august628,eWriter,0.05063291139240506,0
dreamelves,eWriter,0.05574912891986063,0
supersonic90,wiiplay,0.05405405405405406,0
beanseven,supersonic90,0.06701030927835051,0
august628,supersonic90,0.06426735218508997,0
kids1991,supersonic90,0.059957173447537475,0
august628,dreamelves,0.09411764705882353,0
dreamelves,mayshun,0.05909090909090909,0
dreamelves,tatamishiau,0.058981233243967826,0
cocaineweed,rayisgreat,0.05276073619631902,0
supersonic90,virginleo,0.0661764705882353,0
dreamelves,mamamia666,0.0981012658227848,0
dreamelves,lppllp123432,0.05466237942122187,0
dark10108,supersonic90,0.07308970099667775,0
beyuki,cocaineweed,0.05674653215636822,0
ainokodoba,dreamelves,0.05263157894736842,0
may60524,rayisgreat,0.06259314456035768,0
deshuge1,pinkneku,0.052307692307692305,0
virginleo,wiiplay,0.0546218487394958,0
mamamia666,wiiplay,0.0513595166163142,0
cocaineweed,may60524,0.054276315789473686,0
libur,pinkneku,0.05286343612334802,0
SSkey,animad,0.05204460966542751,0
dark10108,eWriter,0.05211726384364821,0
Evoque,dreamelves,0.0539568345323741,0
dreamelves,ken0062,0.05813953488372093,0
dreamelves,virginleo,0.05829596412556054,0
dark10108,virginleo,0.053497942386831275,0
dreamelves,iyawen,0.053763440860215055,0
dog990999,yun0112,0.058299595141700404,0
jawbone,tom50512,0.05175292153589316,0
dy2012,yudeifish,0.05858854860186418,0
dy2012,s916813,0.06490384615384616,0
jawbone,rainfarmer,0.051643192488262914,0
Liangyi816,cuteVictor,0.056074766355140186,0
KKB,supersonic90,0.056338028169014086,0
bearsea,dark10108,0.05182341650671785,0
august628,goldenjade,0.05167173252279635,0
mamamia666,photoshadow,0.052805280528052806,0
dreamelves,ericliung,0.050387596899224806,0
Liangyi816,angele,0.05714285714285714,0
Liangyi816,xx60824xx,0.05263157894736842,0
sincocosin,sponge88,0.06666666666666667,0
Heedictator,a27647535,0.05102040816326531,0
Heedictator,Liangyi816,0.05238095238095238,0
mamamia666,supersonic90,0.06027397260273973,0
kinghunter,mamamia666,0.059431524547803614,0
smisfun,supersonic90,0.05378973105134474,0
dreamelves,kaneka,0.06477732793522267,0
Liangyi816,s790412,0.05454545454545454,0
jawbone,mukuro,0.05663716814159292,0
cocaineweed,maxmaster,0.05092592592592592,0
cgy75766,duke5566,0.1975806451612903,0
CmonYall,duke5566,0.14501510574018128,0
CmonYall,cgy75766,0.1559633027522936,0
gogolct,supersonic90,0.05536332179930796,0
goldenjade,supersonic90,0.05925925925925926,0
jason486,supersonic90,0.06697459584295612,0
octopus4406,wupaul,0.052821997105643996,0
beyuki,swain2013,0.05172413793103448,0
stu25936,swain2013,0.07112970711297072,0
maxmaster,stu25936,0.05172413793103448,0
may60524,stu25936,0.07650273224043716,0
may60524,swain2013,0.05341246290801187,0
beyuki,gamaqqq,0.05026929982046679,0
ainokodoba,ken0062,0.05821917808219178,0
j29980424,mikemiao1492,0.05154639175257732,0
cocaineweed,mikemiao1492,0.05027932960893855,0
jawbone,wupaul,0.05241379310344828,0
birderent,gamaqqq,0.06040268456375839,0
gamaqqq,swain2013,0.07755102040816327,0
kaneka,supersonic90,0.07432432432432433,0
FuwafuwaCAT,supersonic90,0.0513595166163142,0
a0808996,jason486,0.05128205128205128,0
andy055097,mikemiao1492,0.07033639143730887,0
andy055097,swain2013,0.05904059040590406,0
mikemiao1492,wupaul,0.059931506849315065,0
birderent,mikemiao1492,0.06269592476489028,0
mikemiao1492,swain2013,0.05263157894736842,0
HAHAHUNG,mikemiao1492,0.06325301204819277,0
mikemiao1492,ro77289,0.09523809523809523,0
qkenny,supersonic90,0.055401662049861494,0
ro77289,swain2013,0.05069124423963134,0
ryoma1,supersonic90,0.06387225548902195,0
may60524,wupaul,0.0549618320610687,0
cocaineweed,stu25936,0.054901960784313725,0
birderent,stu25936,0.0547945205479452,0
andy055097,stu25936,0.05,0
magines,swain2013,0.05675675675675676,0
Jay21,magines,0.05176470588235294,0
Jay21,swain2013,0.052830188679245285,0
ro77289,stu25936,0.06910569105691057,0
SiaSi,stu25936,0.05574912891986063,0
dreamelves,finalmoon,0.05405405405405406,0
gamaqqq,stu25936,0.06569343065693431,0
